run,run_dir,final_lattice_code,BC_deloc_code,nframes,final_crystal_shape,BC_spatial_distribution,other_notes,gr_messiness,weird_features,how_initialized,kT,EE,chain_num,linker
crystal_size_3_AC_5_BC_1.0_real_lattice_BCC_kT_1.3_eps_-70_EE_4_chn_num_3_linker_6,chain_len,BCC,NA,136,BCC,vrey spread out crosses,none,very broad peaks,none,BCC,1.3,4,3,6
crystal_size_3_AC_5_BC_1.0_real_lattice_BCC_kT_1.3_eps_-70_EE_5_chn_num_3_linker_8,chain_len,BCC,NA,136,BCC,crosses,coord num for first and second nearest neighbors 14,broad peaks,,BCC,1.3,5,3,8
crystal_size_3_AC_5_BC_1.0_real_lattice_BCC_kT_1.5_eps_-70_EE_4_chn_num_3_linker_6,chain_len,BCC,high,136,BCC,very messy crosses,second peak is hard to see;lots of AC motion (phonons??),"broad peaks, overlapping",none,BCC,1.5,4,3,6
crystal_size_3_AC_5_BC_1.0_real_lattice_BCC_kT_1.5_eps_-70_EE_5_chn_num_3_linker_8,chain_len,BCC,medium,136,BCC,messy crosses,coord num of first and second nearest neighbors 14,broad peaks,,BCC,1.5,5,3,8
crystal_size_3_AC_5_BC_1.0_real_lattice_BCT_kT_1.1_eps_-70_EE_8_chn_num_3_linker_8,chain_len,mixture,NA,136,mixture BCC/FCC,"","","","",BCT,1.1,8,3,8
crystal_size_3_AC_5_BC_1.0_real_lattice_BCT_kT_1.3_eps_-70_EE_8_chn_num_3_linker_8,chain_len,mixture,NA,136,very messy mixture BCT/FCC,"","",very broad and overlapping peaks,"",BCT,1.3,8,3,8
crystal_size_3_AC_5_BC_1.0_real_lattice_BCT_kT_1.5_eps_-70_EE_8_chn_num_3_linker_8,chain_len,FCC,medium,136,FCC,messy interlocking hexes,FCC peaks,"almost pristine, broad peaks",none,BCT,1.5,8,3,8
crystal_size_3_AC_5_BC_1.0_real_lattice_FCC_kT_1.1_eps_-70_EE_10_chn_num_3_linker_8,chain_len,FCC,high,108,FCC,very messy crosses,coord num 12,"FCC peaks, broad peaks",none,FCC,1.1,10,3,8
crystal_size_3_AC_5_BC_1.0_real_lattice_FCC_kT_1.1_eps_-70_EE_8_chn_num_3_linker_10,chain_len,BCT,medium,110,BCT,messy-ish crosses,none,"FCC peaks, almost pristine",none,FCC,1.1,8,3,10
crystal_size_3_AC_5_BC_1.0_real_lattice_FCC_kT_1.1_eps_-70_EE_8_chn_num_3_linker_12,chain_len,BCT,NA,78,BCT,crosses,none,"FCC peaks, almost pristine",none,FCC,1.1,8,3,12
crystal_size_3_AC_5_BC_1.0_real_lattice_FCC_kT_1.3_eps_-70_EE_10_chn_num_3_linker_8,chain_len,FCC,high,74,FCC,delocalized,none,broad peaks,none,FCC,1.3,10,3,8
crystal_size_3_AC_5_BC_1.0_real_lattice_FCC_kT_1.3_eps_-70_EE_8_chn_num_3_linker_10,chain_len,FCC,medium,103,FCC,"localized, slightly messy Xs",none,almost pristine,none,FCC,1.3,8,3,10
crystal_size_3_AC_5_BC_1.0_real_lattice_FCC_kT_1.3_eps_-70_EE_8_chn_num_3_linker_12,chain_len,FCC,low,74,FCC,"localized, interlocking hexes, Xs",none,almost pristine,none,FCC,1.3,8,3,12
crystal_size_3_AC_5_BC_1.0_real_lattice_FCC_kT_1.5_eps_-70_EE_8_chn_num_3_linker_10,chain_len,FCC,NA,97,FCC,"Xs, interlocking hexes",none,medium pristine,none,FCC,1.5,8,3,10
crystal_size_3_AC_5_BC_1.0_real_lattice_FCC_kT_1.5_eps_-70_EE_8_chn_num_3_linker_12,chain_len,FCC,NA,69,FCC,"Xs, interlocking hexes",none,pristine,none,FCC,1.5,8,3,12
crystal_size_3_AC_5_BC_1.0_real_lattice_SC_kT_1.1_eps_-70_EE_3_chn_num_3_linker_8,chain_len,no ID,NA,136,"two lattices, no ID",offset lines -> offset hexes,"starts as one lattice, converts to another around frames 40-50","almost pristine, maybe extra peaks",transition in middle,SC,1.1,3,3,8
crystal_size_3_AC_5_BC_1.0_real_lattice_SC_kT_1.3_eps_-70_EE_3_chn_num_3_linker_8,chain_len,no ID,NA,136,"lattice, no ID ",offset hexes,(looks kinda hexy but can't tell); not sure if IDed all peaks right,"almost pristine, broadish peaks",none,SC,1.3,3,3,8
crystal_size_3_AC_5_BC_1.0_real_lattice_BCT_kT_1.2_eps_-70_EE_8_chn_num_3_linker_8,chain_len,no ID,high,136,messy lattice no ID,very messy interlocked hex,none,has BCC peaks but with different amplitudes,seems to have some mixture of another lattice but it is unclear,BCT,1.2,8,3,8
crystal_size_3_AC_5_BC_1.0_real_lattice_BCT_kT_1.4_eps_-70_EE_8_chn_num_3_linker_8,chain_len,FCC,high,136,FCC,very messy interlocked hex,none,"FCC peaks, broad peaks",none,BCT,1.4,8,3,8
crystal_size_3_AC_5_BC_1.0_real_lattice_BCT_kT_1.6_eps_-70_EE_8_chn_num_3_linker_8,chain_len,FCC,high,136,FCC,very messy interlocked hex,none,"FCC peaks, broad peaks",none,BCT,1.6,8,3,8
crystal_size_3_AC_5_BC_1.0_real_lattice_BCC_kT_0.2_eps_-70_EE_7_chn_num_3_linker_8,chain_len,SC,NA,136,SC,squares,peaks overlapping a little bit,pristine,none,BCC,0.2,7,3,8
crystal_size_3_AC_5_BC_1.0_real_lattice_BCC_kT_0.3_eps_-70_EE_7_chn_num_3_linker_8,chain_len,SC,NA,136,SC,squares,coord num 6,pristine,none,BCC,0.3,7,3,8
crystal_size_3_AC_5_BC_1.0_real_lattice_BCC_kT_0.4_eps_-70_EE_7_chn_num_3_linker_8,chain_len,SC,NA,136,SC,squares,coord num 6,pristine,none,BCC,0.4,7,3,8
crystal_size_3_AC_5_BC_1.0_real_lattice_BCC_kT_0.5_eps_-70_EE_7_chn_num_3_linker_8,chain_len,SC,NA,136,SC,squares,coord num 6,pristine,none,BCC,0.5,7,3,8
crystal_size_3_AC_5_BC_1.0_real_lattice_BCC_kT_0.6_eps_-70_EE_7_chn_num_3_linker_8,chain_len,SC,NA,136,SC,squares,coord num 6,pristine,none,BCC,0.6,7,3,8
crystal_size_3_AC_5_BC_1.0_real_lattice_BCC_kT_0.7_eps_-70_EE_7_chn_num_3_linker_8,chain_len,mixture,NA,136,mixture,"",coord num 4-6; stabilizes at frame 63,"","",BCC,0.7,7,3,8
crystal_size_3_AC_5_BC_1.0_real_lattice_BCC_kT_1.0_eps_-70_EE_7_chn_num_3_linker_8,chain_len,mixture,medium,136,mixture,messy crosses,coord num almost 6-8,almost pristine; broad peaks,small regions of very messy crosses,BCC,1,7,3,8
crystal_size_3_AC_5_BC_1.0_real_lattice_BCC_kT_1.2_eps_-70_EE_7_chn_num_3_linker_8,chain_len,mixture,high,136,mixture,very messy interlocking hexes with very neat crosses,stabilizes frame 34,almost pristine; broad peaks,GB with sublattice similar to BCT,BCC,1.2,7,3,8
crystal_size_3_AC_5_BC_1.0_real_lattice_BCC_kT_1.5_eps_-70_EE_7_chn_num_3_linker_8,chain_len,mixture,medium,136,mixture,messy crosses and homogenous slab,GB at PBC condition,almost pristine; broad peaks,"",BCC,1.5,7,3,8
crystal_size_3_AC_5_BC_1.0_real_lattice_BCT_kT_1.0_eps_-70_EE_8_chn_num_3_linker_8,chain_len,mixture,high,261,mixture,"some neat interlocking hexes, some very messy",coord num 4-5,"","",BCT,1,8,3,8
crystal_size_3_AC_5_BC_1.0_real_lattice_BCT_kT_1.45_eps_-70_EE_8_chn_num_3_linker_8,chain_len,FCC,high,136,FCC,"very messy sublattice, interlocking hexes",coord num 12,"FCC peaks, broad, almost pristine",none,BCT,1.45,8,3,8
crystal_size_3_AC_5_BC_1.0_real_lattice_FCC_kT_1.1_eps_-70_EE_9_chn_num_3_linker_8,chain_len,FCC,medium,127,FCC,messy Xs,coord num 12,"FCC peaks, broad peaks",get slurm file,FCC,1.1,9,3,8
crystal_size_3_AC_5_BC_1.0_real_lattice_FCC_kT_1.2_eps_-70_EE_9_chn_num_3_linker_8,chain_len,FCC,medium,123,FCC,messy Xs,coord num 12,"FCC peaks, broad peaks",get slurm file,FCC,1.2,9,3,8
crystal_size_3_AC_5_BC_1.0_real_lattice_FCC_kT_1.4_eps_-70_EE_9_chn_num_3_linker_8,chain_len,FCC,medium,115,FCC,messy Xs,coord num 12,"FCC peaks, broad peaks",get slurm file,FCC,1.4,9,3,8
crystal_size_3_AC_5_BC_1.0_real_lattice_FCC_kT_1.0_eps_-70_EE_10_chn_num_3_linker_8,chain_len,FCC,high,83,FCC,very messy Xs,coord num 12,"FCC like peaks, very broad peaks",oscillating between messy and not so messy sublattice?,FCC,1,10,3,8
crystal_size_3_AC_5_BC_1.0_real_lattice_FCC_kT_1.2_eps_-70_EE_10_chn_num_3_linker_8,chain_len,FCC,high,76,FCC,very messy Xs,coord num 12,broad peaks,oscillating between messy and not so messy sublattice?,FCC,1.2,10,3,8
crystal_size_3_AC_5_BC_1.0_real_lattice_FCC_kT_1.4_eps_-70_EE_10_chn_num_3_linker_8,chain_len,FCC,high,72,FCC,very messy Xs,coord num 12,very broad peaks,oscillating between messy and not so messy sublattice?,FCC,1.4,10,3,8
crystal_size_3_AC_5_BC_1.0_real_lattice_BCC_kT_1.9_eps_-70_EE_4_chn_num_3_linker_10,"",BCC,high,136,BCC,very messy crosses,double coord num 14,BCC peaks; broad peaks,none,BCC,1.9,4,3,10
crystal_size_3_AC_5_BC_1.0_real_lattice_BCC_kT_1.7_eps_-70_EE_4_chn_num_3_linker_10,"",BCC,high,136,BCC,very messy crosses,double coord num 14,"BCC peaks, broad peaks",none,BCC,1.7,4,3,10
crystal_size_3_AC_5_BC_1.0_real_lattice_BCC_kT_1.1_eps_-70_EE_4_chn_num_3_linker_10,"",BCT,low,136,BCT,localized in weird line things,"ccord num 4, triple coord num 16","unkown peaks, almost pristine peaks",tetragonal sim box,BCC,1.1,4,3,10
crystal_size_3_AC_5_BC_1.0_real_lattice_FCC_kT_1.3_eps_-70_EE_3_chn_num_3_linker_8,"",BCT,NA,136,BCT,"space spanning rhombuses, well defined sublattice","triple coord num 16, c = 2a",BCT peaks,"",FCC,1.3,3,3,8
crystal_size_3_AC_5_BC_1.0_real_lattice_BCC_kT_1.3_eps_-70_EE_7_chn_num_3_linker_8,"",BCC,medium,136,BCC,"region dependent, neat crosses and messy hexes",double coord num 13.33,"BCC peaks, broad peaks",propagating delocalized surface,BCC,1.3,7,3,8
crystal_size_3_AC_5_BC_1.0_real_lattice_FCC_kT_1.3_eps_-70_EE_9_chn_num_3_linker_8,"",FCC,medium,84,FCC,messy crosses,stablizes quickly compared to previous case,"FCC peaks, broad peaks",none,FCC,1.3,9,3,8
crystal_size_3_AC_5_BC_1.0_real_lattice_FCC_kT_1.5_eps_-70_EE_9_chn_num_3_linker_8,"",FCC,high,114,FCC,very messy crosses,coord num 12,"FCC peaks, broad peaks",,FCC,1.5,9,3,8
crystal_size_3_AC_5_BC_1.0_real_lattice_BCC_kT_0.8_eps_-70_EE_4_chn_num_3_linker_6,"",BCT,low,135,BCT,"localized """"point"""" regions to hopping regions",triple coord num 16,"BCT peaks, initial triple peak, broad peaks",,BCC,0.8,4,3,6
crystal_size_3_AC_5_BC_1.0_real_lattice_BCC_kT_0.7_eps_-70_EE_4_chn_num_3_linker_6,"",BCT,low,135,BCT,"localized """"point"""" regions to hopping regions",coord num 10,"BCT peaks, pristine peaks",does not have clumped triple peak,BCC,0.7,4,3,6
crystal_size_3_AC_5_BC_1.0_real_lattice_BCC_kT_1.6_eps_-70_EE_7_chn_num_3_linker_8,"",mixture,high,135,coexistance BCC/FCC,"region dependent, messy crosses to very messy interlocking hexes",double coord num 13,broad peaks,"middle region of PBC box is BCC, top-down z dir are probably FCC",BCC,1.6,7,3,8
crystal_size_3_AC_5_BC_1.0_real_lattice_BCC_kT_1.4_eps_-70_EE_7_chn_num_3_linker_8,"run for longer, FCC region coalesces towards end of initial simulation",mixture,high,135,coexistance BCC/FCC,"region dependent, messy crosses to very messy interlocking hexes",double coord num 13.35,broad peaks,"most of the crystal is BCC, mesy region propagates until coalescing!",BCC,1.4,7,3,8
crystal_size_3_AC_5_BC_1.0_real_lattice_BCC_kT_0.9_eps_-70_EE_7_chn_num_3_linker_8,"",mixture,medium,135,coexistance BCC/FCC,"region dependent, neat crosses to messy hopping regions",double coord num 13.75,"two initial pristine BCC peaks, pristine peaks",mostly BCC but with small FCC domains,BCC,0.9,7,3,8
crystal_size_3_AC_5_BC_1.0_real_lattice_BCC_kT_1.1_eps_-70_EE_7_chn_num_3_linker_8,"",mixture,medium,135,coexistance BCC/messy lattice,"region dependent, neat crosses to messy hopping regions",double coord num 13.39,"two initial pristine BCC peaks, pristine peaks","middle region of PBC box is BCC, top-down z dir is a messy lattice",BCC,1.1,7,3,8
crystal_size_3_AC_5_BC_1.0_real_lattice_BCC_kT_0.8_eps_-70_EE_7_chn_num_3_linker_8,"",mixture,medium,135,coexistance BCC/messy lattice,"region dependent, neat crosses to messy hopping regions",double coord num 14.36,"two initial pristine BCC peaks, pristine peaks",BCC domains and glassy regions,BCC,0.8,7,3,8
crystal_size_3_AC_5_BC_1.0_real_lattice_BCC_kT_1.5_eps_-70_EE_4_chn_num_3_linker_10,"",BCT,NA,135,BCT,pristine sublattice,triple coord num 16,"BCT peaks, triple peak",none,BCC,1.5,4,3,10
crystal_size_3_AC_5_BC_1.0_real_lattice_BCC_kT_1.6_eps_-70_EE_4_chn_num_3_linker_10,"",mixture,NA,135,coexistance BCT/messy lattice,pristine sublattice,triple coord num 16,"BCT peaks, triple peak","displaces lattice points, maybe onset of transition between BCT and BCC",BCC,1.6,4,3,10
crystal_size_3_AC_5_BC_1.0_real_lattice_BCC_kT_0.9_eps_-70_EE_4_chn_num_3_linker_6,"",BCT,NA,135,BCT,ordered sublattice,triple coord num 16,"BCT peaks, triple peak",none,BCC,0.9,4,3,6
crystal_size_3_AC_5_BC_1.0_real_lattice_BCC_kT_1.1_eps_-70_EE_4_chn_num_3_linker_6,"",BCC,high,135,BCC,very messy croses,double coord num 14,"BCC peaks, broad peaks",none,BCC,1.1,4,3,6
crystal_size_3_AC_5_BC_1.0_real_lattice_BCC_kT_1.7_eps_-70_EE_5_chn_num_3_linker_8,"",BCC,high,135,BCC,very messy crosses,double coord num 14,"BCC peaks, broad peaks",none,BCC,1.7,5,3,8
crystal_size_3_AC_5_BC_1.0_real_lattice_BCC_kT_1.6_eps_-70_EE_5_chn_num_3_linker_8,"",BCC,medium,135,BCC,messy crosses,double coord num 14,"BCC peaks, broad peaks",none,BCC,1.6,5,3,8
crystal_size_3_AC_5_BC_1.0_real_lattice_BCC_kT_1.4_eps_-70_EE_5_chn_num_3_linker_8,"",BCC,medium,135,BCC,messy crosses,double coord num 14,"BCC peaks, broad peaks","none, lots hopping means low diffusion",BCC,1.4,5,3,8
crystal_size_3_AC_5_BC_1.0_real_lattice_BCC_kT_1.2_eps_-70_EE_5_chn_num_3_linker_8,"",BCC,NA,135,BCC,crosses,double coord num 14,"BCC peaks, pristine peaks",none,BCC,1.2,5,3,8
crystal_size_3_AC_5_BC_1.0_real_lattice_BCC_kT_1.1_eps_-70_EE_5_chn_num_3_linker_8,"",BCC,NA,135,BCC,crosses,double coord num 14,"BCC peaks, pristine peaks","none, low diffusing particles",BCC,1.1,5,3,8
crystal_size_3_AC_5_BC_1.0_real_lattice_BCC_kT_0.9_eps_-70_EE_5_chn_num_3_linker_8,"",BCC,medium_low,135,BCC,neat crosses,double coord num 14,"BCC peaks,  pristine",none,BCC,0.9,5,3,8
crystal_size_3_AC_5_BC_1.0_real_lattice_BCC_kT_1_eps_-70_EE_5_chn_num_3_linker_8,"",BCC,medium_low,135,BCC,neat crosses,double coord num 14,"BCC peaks, pristine peaks",none,BCC,1,5,3,8
crystal_size_3_AC_5_BC_1.0_real_lattice_BCC_kT_1.4_eps_-70_EE_4_chn_num_3_linker_10,"",BCT,medium_low,135,BCT,neat sublattice,triple coord num 16,"BCT peaks, triple peaks",none,BCC,1.4,4,3,10
crystal_size_3_AC_5_BC_1.0_real_lattice_BCC_kT_1.3_eps_-70_EE_4_chn_num_3_linker_10,"",NA,NA,135,deformed BCT (?),ordered sublattice,triple coord num 16,"BCT peaks, triple peaks",BCT with offset lattice points that seem to create two large BCT domains,BCC,1.3,4,3,10
crystal_size_3_AC_5_BC_1.0_real_lattice_BCC_kT_1.4_eps_-70_EE_4_chn_num_3_linker_6,"",BCC,high,135,BCC,very messy crosses,double coord num 14,"BCC peaks, broad peaks",none,BCC,1.4,4,3,6
crystal_size_3_AC_5_BC_1.0_real_lattice_BCC_kT_1.2_eps_-70_EE_4_chn_num_3_linker_6,"",BCC,high,135,BCC,very messy crosses,double coord num 14,"BCC peaks, broad peaks",none,BCC,1.2,4,3,6
crystal_size_3_AC_5_BC_1.0_real_lattice_BCC_kT_1.2_eps_-70_EE_4_chn_num_3_linker_10,"",BCT,medium_low,135,BCT,neat sublattice,triple coord num 16,"BCT peaks, triple peaks",none,BCC,1.2,4,3,10
crystal_size_3_AC_5_BC_1.0_real_lattice_FCC_kT_1.5_eps_-70_EE_3_chn_num_3_linker_8,"",BCT,medium,135,BCT,messy sublattice,triple coord num 16,"BCT peaks, triple peaks","low diffusion, slow kinetics",FCC,1.5,3,3,8
crystal_size_3_AC_5_BC_1.0_real_lattice_FCC_kT_1.4_eps_-70_EE_3_chn_num_3_linker_8,"",BCT,medium,135,BCT,messy sublattice,triple coord num 16,"BCT peaks, triple peak","low diffusion, slow kinetics",FCC,1.4,3,3,8
crystal_size_3_AC_5_BC_1.0_real_lattice_BCC_kT_1.2_eps_-70_EE_3_chn_num_3_linker_8,"",no ID,NA,135,lattice no ID,sublattice,coord num 8,almost pristine peaks,some regions look kinetically trapped or disordered/rotated unit cells with global crystal,BCC,1.2,3,3,8
crystal_size_3_AC_5_BC_1.0_real_lattice_BCC_kT_0.9_eps_-70_EE_3_chn_num_3_linker_8,"",no ID,NA,135,lattice no ID,sublattice,coord num 8,almost pristine peaks,some regions look kinetically trapped or disordered/rotated unit cells with global crystal,BCC,0.9,3,3,8
crystal_size_3_AC_5_BC_1.0_real_lattice_BCC_kT_0.8_eps_-70_EE_3_chn_num_3_linker_8,"",no ID,NA,135,lattice no ID,sublattice,coord num 8,FCC/SC pristine peaks,small particles move alone planes and do not seem to jump between them,BCC,0.8,3,3,8
crystal_size_3_AC_5_BC_1.0_real_lattice_BCC_kT_0.7_eps_-70_EE_3_chn_num_3_linker_8,"",no ID,NA,135,lattice no ID,sublattice,coord num 8,FCC/SC pristine peaks,small particles move alone planes and do not seem to jump between them,BCC,0.7,3,3,8
crystal_size_3_AC_5_BC_1.0_real_lattice_BCC_kT_1.1_eps_-70_EE_3_chn_num_3_linker_8,"",NA,medium,135,deformed BCT,localized local sublattice but messy global sublattice,"triple coord num 16, coord num 8","BCT peaks, almost pristine peaks",slanted unit cells,BCC,1.1,3,3,8
crystal_size_3_AC_5_BC_1.0_real_lattice_BCC_kT_0.9_eps_-70_EE_12_chn_num_3_linker_4,"",fluid,NA,274,structured liquid,liquid like,,two pristine peaks but turns into liquid,,BCC,0.9,12,3,4
crystal_size_3_AC_5_BC_1.0_real_lattice_BCC_kT_0.9_eps_-70_EE_12_chn_num_3_linker_6,"",NA,NA,177,almost crystalline,somewhat ordered,double coord num 13.4,two pristine peaks but then very messy,"",BCC,0.9,12,3,6
crystal_size_3_AC_5_BC_1.0_real_lattice_BCC_kT_0.9_eps_-70_EE_12_chn_num_3_linker_8,run for longer,NA,NA,106,almost crystalline,somewhat ordered,double coord num 13.2,pristine,ACs are also mobile,BCC,0.9,12,3,8
crystal_size_3_AC_5_BC_1.0_real_lattice_FCC_kT_0.5_eps_-70_EE_3_chn_num_3_linker_6,"",no ID,NA,386,lattice no ID,very ordered,"coord num 8, triple coord num 18",pristine,"could be stacked HEX structure, 10.25        
13.15        1.282926829
14.45        1.098859316
17.85        1.235294118
19.85        1.112044818
21.35        1.075566751",FCC,0.5,3,3,6
crystal_size_3_AC_5_BC_1.0_real_lattice_FCC_kT_0.8_eps_-70_EE_3_chn_num_3_linker_6,"",no ID,NA,386,lattice no ID,very ordered,"coord num 8, triple coord num 18",pristine,"could be stacked HEX structure, 10.35        
13.25        1.280193237
14.55        1.098113208
18.05        1.240549828
19.95        1.105263158
21.45        1.07518797",FCC,0.8,3,3,6
crystal_size_3_AC_5_BC_1.0_real_lattice_FCC_kT_1.1_eps_-70_EE_3_chn_num_3_linker_6,"",BCT,NA,386,BCT,ordered sublattice,"triple coord num 16, c = 2a",almost pristine peaks,"",FCC,1.1,3,3,6
crystal_size_3_AC_5_BC_1.0_real_lattice_FCC_kT_1.4_eps_-70_EE_3_chn_num_3_linker_6,"",almost melted BCC,high,386,almost melted BCC,very messy crosses,double coord num 14,messy peaks,looks like a combination of BCC and BCT peaks,FCC,1.4,3,3,6
crystal_size_3_AC_5_BC_1.0_real_lattice_BCC_kT_0.9_eps_-70_EE_7_chn_num_3_linker_10,"",mixture,low,150,jammed mixture,very neat crosses but jammed regions,double coord num 13.3,almost pristine peaks,looks like jammed BCC,BCC,0.9,7,3,10
crystal_size_3_AC_5_BC_1.0_real_lattice_BCC_kT_1.1_eps_-70_EE_7_chn_num_3_linker_10,"",mixture,low,138,jammed mixture,very neat crosses but jammed regions,double coord num 13.3,almost pristine peaks,looks like jammed BCC,BCC,1.1,7,3,10
crystal_size_3_AC_5_BC_1.0_real_lattice_BCC_kT_1.4_eps_-70_EE_7_chn_num_3_linker_10,"",mixture,medium_low,125,mixture of different crystals,"spatially dependent, neat crosses or hexes",double coord num 13,almost pristine peaks,BCC + FCC(?),BCC,1.4,7,3,10
crystal_size_3_AC_5_BC_1.0_real_lattice_BCC_kT_1.6_eps_-70_EE_7_chn_num_3_linker_10,"",mixture,medium_low,133,mixture of different crystals,"spatially dependent, neat crosses or hexes",double coord num 12.66,almost pristine peaks,BCC + FCC(?),BCC,1.6,7,3,10
crystal_size_3_AC_5_BC_1.0_real_lattice_BCC_kT_0.7_eps_-70_EE_4_chn_num_3_linker_7,"",mixture,NA,386,jammed mixture,,double coord num 8,almost pristine peaks but convoluted,mixture(?),BCC,0.7,4,3,7
crystal_size_3_AC_5_BC_1.0_real_lattice_BCC_kT_0.9_eps_-70_EE_4_chn_num_3_linker_7,"",no ID,medium_low,386,lattice no ID,neat,quadruple coord num 16,messy BCT peaks,deformed BCT (?),BCC,0.9,4,3,7
crystal_size_3_AC_5_BC_1.0_real_lattice_BCC_kT_0.8_eps_-70_EE_8_chn_num_3_linker_10,"",fluid,NA,120,jammed,homogenous,double coord num 14.3,"two pristine peaks, liquid like afterwards",trying to form structure but failing,BCC,0.8,8,3,10
crystal_size_3_AC_5_BC_1.0_real_lattice_BCC_kT_1.3_eps_-70_EE_4_chn_num_3_linker_12,chain_len,no ID,NA,136,"lattice, no ID",4-point diamonds/offest squares,BCT??,almost pristine,none,BCC,1.3,4,3,12
crystal_size_3_AC_5_BC_1.0_real_lattice_BCC_kT_1.3_eps_-70_EE_4_chn_num_3_linker_7,chain_len,BCC,medium,136,BCC,"crosses, a little messy",none,very broad peaks,none,BCC,1.3,4,3,7
crystal_size_3_AC_5_BC_1.0_real_lattice_BCC_kT_1.3_eps_-70_EE_4_chn_num_3_linker_8,chain_len,BCT,medium,136,BCT,"kind of messy 4-point diamonds/offest squares, slanted BCT","starts messy, becomeslattice","almost pristine, peaks a little broad",none,BCC,1.3,4,3,8
crystal_size_3_AC_5_BC_1.0_real_lattice_BCC_kT_1.5_eps_-70_EE_4_chn_num_3_linker_12,chain_len,no ID,low,136,"lattice, no ID",localized in weird line things,BTC? box is tilted,almost pristine,none,BCC,1.5,4,3,12
crystal_size_3_AC_5_BC_1.0_real_lattice_BCC_kT_1.5_eps_-70_EE_4_chn_num_3_linker_7,chain_len,BCC,high,136,BCC,very messy crosses,second peak is hard to see,"broad peaks, overlapping",none,BCC,1.5,4,3,7
crystal_size_3_AC_5_BC_1.0_real_lattice_BCC_kT_1.5_eps_-70_EE_4_chn_num_3_linker_8,chain_len,BCC,high,136,BCC,very messy crosses,second peak is hard to see but there,"broad peaks, overlapping",none,BCC,1.5,4,3,8
crystal_size_3_AC_5_BC_1.0_real_lattice_FCC_kT_2.1_eps_-70_EE_4_chn_num_3_linker_10,"",BCC,high,136,BCC,very messy crosses,double coord num 14,"BCC peaks, broad peaks",tetrahedral sim box,FCC,2.1,4,3,10
crystal_size_3_AC_5_BC_1.0_real_lattice_FCC_kT_2.0_eps_-70_EE_4_chn_num_3_linker_10,"",BCC,medium,136,BCC,messy crosses,double coord num 14,"BCC peaks, broad peaks",tetrahedral sim box,FCC,2,4,3,10
crystal_size_3_AC_5_BC_1.0_real_lattice_FCC_kT_1.95_eps_-70_EE_4_chn_num_3_linker_10,"",BCC,medium,136,BCC,messy crosses,double coord num 14,"BCC peaks, broad peaks",tetrahedral sim box,FCC,1.95,4,3,10
crystal_size_3_AC_5_BC_1.0_real_lattice_FCC_kT_1.9_eps_-70_EE_4_chn_num_3_linker_10,"",no ID,low,136,"lattice, no ID",localized in weird line things,"ccord num 4, triple coord num 16","unkown peaks, almost pristine peaks",tetragonal sim box,FCC,1.9,4,3,10
crystal_size_3_AC_5_BC_1.0_real_lattice_FCC_kT_1.7_eps_-70_EE_4_chn_num_3_linker_10,"",no ID,low,136,"lattice, no ID",localized in weird line things,"ccord num 4, triple coord num 16","unkown peaks, almost pristine peaks",tetragonal sim box,FCC,1.7,4,3,10
crystal_size_3_AC_5_BC_1.0_real_lattice_FCC_kT_1.5_eps_-70_EE_4_chn_num_3_linker_10,"",no ID,low,136,"lattice, no ID",localized in weird line things,"ccord num 4, triple coord num 16","unkown peaks, almost pristine peaks",tetragonal sim box,FCC,1.5,4,3,10
crystal_size_3_AC_5_BC_1.0_real_lattice_FCC_kT_1.3_eps_-70_EE_4_chn_num_3_linker_10,"",no ID,low,136,"lattice, no ID",localized in weird line things,"ccord num 4, triple coord num 16","unkown peaks, almost pristine peaks",tetragonal sim box,FCC,1.3,4,3,10
crystal_size_3_AC_5_BC_1.0_real_lattice_BCC_kT_0.9_eps_-70_EE_4_chn_num_3_linker_10,"",fluid,low,136,"lattice, no ID (prsence of jammed planes)",localized in weird line things,quadruple coord num 16,overlapped peaks but indentifiable ones,tetragonal sim box,BCC,0.9,4,3,10
crystal_size_3_AC_5_BC_1.0_real_lattice_BCC_kT_0.7_eps_-70_EE_4_chn_num_3_linker_10,"",NA,medium_low,136,HCP type llatice with insterted layer of ACs,"region dependent, neat sublattices",double coord num 8,crystalline peaks,"maybe NiAs, peaks: 10.4, 11.5, 14.4, 18, 18.3",BCC,0.7,4,3,10
crystal_size_3_AC_5_BC_1.0_real_lattice_BCC_kT_0.5_eps_-70_EE_4_chn_num_3_linker_10,"",fluid,medium_low,136,jammed lattice no ID,neat sublattice,"coord num 8, double coord num 18",FCC/SC peaks,jammed but has crystalline peaks,BCC,0.5,4,3,10
crystal_size_3_AC_5_BC_1.0_real_lattice_BCC_kT_0.3_eps_-70_EE_4_chn_num_3_linker_10,"",SC,low,136,SC,very neat squares,"coord num 6, double coord num 18",FCC/SC peaks,triclinic sim box,BCC,0.3,4,3,10
crystal_size_3_AC_5_BC_1.0_real_lattice_BCC_kT_0.1_eps_-70_EE_4_chn_num_3_linker_10,"",fluid,NA,136,HEX possibly jammed,jammed sublattice,"coord num 8, double coord num 18",FCC/SC peaks,"jammed but has crystalline peaks, offset  2D square packed layers",BCC,0.1,4,3,10
crystal_size_3_AC_5_BC_1.0_real_lattice_FCC_kT_1.3_eps_-70_EE_4_chn_num_3_linker_8,"",BCT,NA,136,BCT,"space spanning rhombuses, well dfined sublattice",triple coord num 16,BCT peaks,"It is like the case of 3 EE but the lattice is better defined, this is the same crystal from row 534 (BCC_kt_1.1_ee_4), c = 2a in both cases!",FCC,1.3,4,3,8
crystal_size_3_AC_5_BC_1.0_real_lattice_FCC_kT_1_eps_-70_EE_4_chn_num_3_linker_6,"",BCT,medium,135,BCT,"region dependent, localized points to hopping/messy regions",triple coord num 16,"BCT peaks, initial triple peak, broad peaks",none,FCC,1,4,3,6
crystal_size_3_AC_5_BC_1.0_real_lattice_FCC_kT_0.9_eps_-70_EE_4_chn_num_3_linker_6,"",BCT,medium,135,BCT,"region dependent, localized points to hopping/messy regions",triple coord num 16,"BCT peaks, initial triple peak, broad peaks",some lattice points are offset,FCC,0.9,4,3,6
crystal_size_3_AC_5_BC_1.0_real_lattice_FCC_kT_0.8_eps_-70_EE_4_chn_num_3_linker_6,"",no ID,NA,135,lattice no ID,chain links,coord num 8,pristine peaks,lattice points are connected by chain links of the small particles,FCC,0.8,4,3,6
crystal_size_3_AC_5_BC_1.0_real_lattice_FCC_kT_0.7_eps_-70_EE_4_chn_num_3_linker_6,"",no ID,NA,135,lattice no ID,chain links,coord num 8,pristine peaks,lattice points are connected by chain links of the small particles,FCC,0.7,4,3,6
crystal_size_3_AC_5_BC_1.0_real_lattice_BCC_kT_1.39_eps_-70_EE_4_chn_num_3_linker_8,"",BCT,medium_low,135,BCT,neat sublattice,triple coord num 16,"BCT peaks, triple peak",none,BCC,1.39,4,3,8
crystal_size_3_AC_5_BC_1.0_real_lattice_BCC_kT_1.37_eps_-70_EE_4_chn_num_3_linker_8,"",BCT,medium_low,135,BCT,neat sublattice,triple coord num 16,"BCT peaks, triple peak",transforms by shearing from BCC to BCT at frame 41,BCC,1.37,4,3,8
crystal_size_3_AC_5_BC_1.0_real_lattice_BCC_kT_1.38_eps_-70_EE_4_chn_num_3_linker_8,"",BCT,medium,135,BCT,messy sublattice,triple coord num 16,"BCT peaks, triple peak",transforms by shearing from BCC to BCT at frame 20,BCC,1.38,4,3,8
crystal_size_3_AC_5_BC_1.0_real_lattice_BCC_kT_1.36_eps_-70_EE_4_chn_num_3_linker_8,"",BCT,NA,135,BCT,ordered sublattice,triple coord num 15.9,"BCT peaks, triple peak, very broad peaks",seems a little deformed,BCC,1.36,4,3,8
crystal_size_3_AC_5_BC_1.0_real_lattice_BCC_kT_1_eps_-70_EE_4_chn_num_3_linker_8,"",NA,medium,135,BCT and defects,messy sublattice and ordered sublattice,triple coord num 16,"BCT peaks, broad peaks",lines that separte the crystal in domains,BCC,1,4,3,8
crystal_size_3_AC_5_BC_1.0_real_lattice_BCC_kT_1.35_eps_-70_EE_4_chn_num_3_linker_8,"",BCT,medium_low,135,BCT,neat sublattice,triple coord num 16,"BCT peaks, triple peaks",none,BCC,1.35,4,3,8
crystal_size_3_AC_5_BC_1.0_real_lattice_BCC_kT_1.325_eps_-70_EE_4_chn_num_3_linker_8,"",BCT,medium_low,135,BCT,neat sublattice,triple coord num 16,"BCT peaks, triple peaks",none,BCC,1.325,4,3,8
crystal_size_3_AC_5_BC_1.0_real_lattice_BCC_kT_1.375_eps_-70_EE_4_chn_num_3_linker_8,"",mixture,medium,135,coexistance BCT/messy lattice,messy sublattice,triple coord num 15.9,"BCT peaks, triple peaks",none,BCC,1.375,4,3,8
crystal_size_3_AC_5_BC_1.0_real_lattice_FCC_kT_1.7_eps_-70_EE_4_chn_num_3_linker_8,"",BCC,high,135,BCC,very messy crosses,double coord num 14,"BCC peaks, very broad peaks",low diffusion,FCC,1.7,4,3,8
crystal_size_3_AC_5_BC_1.0_real_lattice_BCC_kT_0.7_eps_-70_EE_4_chn_num_3_linker_8,"",no ID,low,135,lattice no ID,sublattice localized on planes,coord num 8,very neat,small particles move alone planes and do not seem to jump between them,BCC,0.7,4,3,8
crystal_size_3_AC_5_BC_1.0_real_lattice_BCC_kT_1.7_eps_-70_EE_4_chn_num_3_linker_8,"",BCC,high,135,BCC,very messy crosses,double coord num 14,"BCC peaks, very broad peaks",none,BCC,1.7,4,3,8
crystal_size_3_AC_5_BC_1.0_real_lattice_FCC_kT_1.6_eps_-70_EE_4_chn_num_3_linker_8,"",BCC,high,135,BCC,very messy crosses,double coord num 14,"BCC peaks, very broad peaks",none,FCC,1.6,4,3,8
crystal_size_3_AC_5_BC_1.0_real_lattice_BCC_kT_1.6_eps_-70_EE_4_chn_num_3_linker_8,"",BCC,high,135,BCC,very messy crosses,double coord num 14,"BCC peaks, very broad peaks",none,BCC,1.6,4,3,8
crystal_size_3_AC_5_BC_1.0_real_lattice_BCC_kT_1.1_eps_-70_EE_4_chn_num_3_linker_8,"",NA,medium,135,BCT polycrystal,messy sublattice,triple coord num 15.9,"BCT peaks, triple peaks",BCT domains that are mostly perpendicular to thier neighboring cell,BCC,1.1,4,3,8
crystal_size_3_AC_5_BC_1.0_real_lattice_BCC_kT_1.4_eps_-70_EE_4_chn_num_3_linker_8,"",BCC,high,135,BCC,very messy crosses,double coord num 14,"BCC peaks, very broad peaks",none,BCC,1.4,4,3,8
crystal_size_3_AC_5_BC_1.0_real_lattice_BCC_kT_0.9_eps_-70_EE_4_chn_num_3_linker_8,"",BCT,medium_low,135,BCT,neat sublattice,triple coord num 16,"BCT peaks, triple peaks",there could be four peaks instead of three,BCC,0.9,4,3,8
crystal_size_3_AC_5_BC_1.0_real_lattice_FCC_kT_1.5_eps_-70_EE_4_chn_num_3_linker_8,"",BCT,medium,135,BCT,messy sublattice,triple coord num 16,"BCT peaks, triple peaks",none,FCC,1.5,4,3,8
crystal_size_3_AC_5_BC_1.0_real_lattice_BCC_kT_1.2_eps_-70_EE_4_chn_num_3_linker_8,"",NA,medium,135,deformed BCT,messy sublattice,triple coord num 16,"BCT peaks, triple peaks",kinetically trapped lattice points/regions,BCC,1.2,4,3,8
crystal_size_3_AC_5_BC_1.0_real_lattice_BCC_kT_0.8_eps_-70_EE_4_chn_num_3_linker_8,"",NA,NA,135,deformed BCT,sublattice,quadruple coord num 16,"BCT peaks, quadruple peak",kinetically trapped regions of BCTs,BCC,0.8,4,3,8
crystal_size_3_AC_5_BC_1.0_real_lattice_FCC_kT_1.4_eps_-70_EE_4_chn_num_3_linker_8,"",NA,medium,135,deformed BCC,messy crosses,double coord num 14,"BCC peaks, very broad peaks",lattice seeme to be shriveling,FCC,1.4,4,3,8
crystal_size_3_AC_5_BC_1.0_real_lattice_FCC_kT_1_eps_-70_EE_4_chn_num_3_linker_8,"",NA,medium,135,deformed BCT,neat localized points but messy global sublattice,quadruple coord num 16,"BCT peaks, quadruple peak",things seem kinetically trapped,FCC,1,4,3,8
crystal_size_3_AC_5_BC_1.0_real_lattice_FCC_kT_1.1_eps_-70_EE_4_chn_num_3_linker_8,"",NA,medium,135,deformed BCT,neat localized points but messy global sublattice,triple coord num 16,"BCT peaks, triple peak",things seem kinetically trapped,FCC,1.1,4,3,8
crystal_size_3_AC_5_BC_1.0_real_lattice_FCC_kT_0.9_eps_-70_EE_4_chn_num_3_linker_8,"",NA,medium,135,deformed BCT,neat localized points but messy global sublattice,quadruple coord num 16,"BCT peaks, quadruple peak","things seem kinetically trapped, equilibrates around frame 63",FCC,0.9,4,3,8
crystal_size_3_AC_5_BC_1.0_real_lattice_FCC_kT_1.2_eps_-70_EE_4_chn_num_3_linker_8,"",BCT,medium_low,135,BCT,neat sublattice,triple coord num 16,"BCT peaks, triple peaks",none,FCC,1.2,4,3,8
crystal_size_3_AC_5_BC_1.0_real_lattice_FCC_kT_0.8_eps_-70_EE_4_chn_num_3_linker_8,"",NA,medium,135,deformed BCT,neat localized points but messy global sublattice,triple coord num 16,"BCT peaks, triple peaks",slanted unit cells,FCC,0.8,4,3,8
crystal_size_3_AC_5_BC_1.0_real_lattice_FCC_kT_0.7_eps_-70_EE_4_chn_num_3_linker_8,"",fluid,NA,135,jammed structure,homogenous,double coord num 16.4,very broad peaks,becomes more crystal like over time,FCC,0.7,4,3,8
crystal_size_3_AC_5_BC_1.0_real_lattice_BCC_kT_1.1_eps_-70_EE_6_chn_num_3_linker_6,chain_len,BCC,NA,136,BCC,crosses,5th peak seems to be off,almost pristine,none,BCC,1.1,6,3,6
crystal_size_3_AC_5_BC_1.0_real_lattice_BCC_kT_1.3_eps_-70_EE_6_chn_num_3_linker_10,chain_len,BCC,NA,136,BCC,crosses,none,almost pristine,none,BCC,1.3,6,3,10
crystal_size_3_AC_5_BC_1.0_real_lattice_BCC_kT_1.3_eps_-70_EE_6_chn_num_3_linker_4,chain_len,fluid,high,136,liquidy,pretty homogeneous,none,liquidy,none,BCC,1.3,6,3,4
crystal_size_3_AC_5_BC_1.0_real_lattice_BCC_kT_1.3_eps_-70_EE_6_chn_num_3_linker_6,chain_len,BCC,medium,136,BCC,crosses (a little messy),none,"almost pristine, peaks a little messy",none,BCC,1.3,6,3,6
crystal_size_3_AC_5_BC_1.0_real_lattice_BCC_kT_1.3_eps_-70_EE_6_chn_num_3_linker_8,chain_len,BCC,NA,136,BCC,crosses,none,"almost pristine, peaks a little messy",none,BCC,1.3,6,3,8
crystal_size_3_AC_5_BC_1.0_real_lattice_BCC_kT_1.5_eps_-70_EE_6_chn_num_3_linker_10,chain_len,BCC,NA,136,BCC,crosses,none,pristine,none,BCC,1.5,6,3,10
crystal_size_3_AC_5_BC_1.0_real_lattice_BCC_kT_1.5_eps_-70_EE_6_chn_num_3_linker_4,chain_len,fluid,NA,136,gas,,,,,BCC,1.5,6,3,4
crystal_size_3_AC_5_BC_1.0_real_lattice_FCC_kT_0.3_eps_-70_EE_6_chn_num_3_linker_8,chain_len,SC,NA,136,SC,squares,triclinic box,pristine,none,FCC,0.3,6,3,8
crystal_size_3_AC_5_BC_1.0_real_lattice_FCC_kT_0.5_eps_-70_EE_6_chn_num_3_linker_8,chain_len,SC,NA,136,SC,squares,triclinic box,pristine,none,FCC,0.5,6,3,8
crystal_size_3_AC_5_BC_1.0_real_lattice_FCC_kT_0.7_eps_-70_EE_6_chn_num_3_linker_8,chain_len,no ID,low,136,"lattice, no ID",localized - aligned Xs or neigboring hexes?,BCC peaks but looks hexy?,pristine,none,FCC,0.7,6,3,8
crystal_size_3_AC_5_BC_1.0_real_lattice_FCC_kT_0.9_eps_-70_EE_6_chn_num_3_linker_8,chain_len,no ID,low,136,"lattice, no ID",localized - aligned Xs or neigboring hexes?,BCC peaks but looks hexy?,pristine,none,FCC,0.9,6,3,8
crystal_size_3_AC_5_BC_1.0_real_lattice_FCC_kT_1.1_eps_-70_EE_6_chn_num_3_linker_10,chain_len,no ID,low,133,"lattice, no ID","localized, offset hexes/stacked Xs",BCC peak values but looks hex-y or FCC-like from certain angles,almost pristine,none,FCC,1.1,6,3,10
crystal_size_3_AC_5_BC_1.0_real_lattice_FCC_kT_1.1_eps_-70_EE_6_chn_num_3_linker_8,chain_len,mixture,low,136,mixture,localized into slanted lines,"vaguely BCC, but hard to say",broad peaks,weird stripe things looking down X axis,FCC,1.1,6,3,8
crystal_size_3_AC_5_BC_1.0_real_lattice_FCC_kT_1.3_eps_-70_EE_6_chn_num_3_linker_10,chain_len,mixture,NA,129,mixture BCC/BCT/FCC (haven't lookedat g(r)),very locatlized,"","",stripes/mixture,FCC,1.3,6,3,10
crystal_size_3_AC_5_BC_1.0_real_lattice_FCC_kT_1.3_eps_-70_EE_6_chn_num_3_linker_8,chain_len,BCC,NA,136,BCC,very locatlized; aligned Xs and neighboring,none,almost pristine,none,FCC,1.3,6,3,8
crystal_size_3_AC_5_BC_1.0_real_lattice_FCC_kT_1.5_eps_-70_EE_6_chn_num_3_linker_10,chain_len,no ID,medium_low,118,"lattice, no ID",neat offset hexes/Xs,none,almost pristine,"looks crooked (BCC peaks, BCC slices from diagonal, FCC slices from faces)",FCC,1.5,6,3,10
crystal_size_3_AC_5_BC_1.0_real_lattice_FCC_kT_1.5_eps_-70_EE_6_chn_num_3_linker_8,chain_len,no ID,medium_low,136,"lattice, no ID",neat offset hexes/Xs,none,medium pristine,"BCC peaks, but squashed FCC or hex=y slices",FCC,1.5,6,3,8
crystal_size_3_AC_5_BC_1.0_real_lattice_FCC_kT_1.7_eps_-70_EE_6_chn_num_3_linker_8,chain_len,no ID,medium,136,"lattice, no ID",messy-ish Xs,none,almost pristine (broad-ish peaks),"BCC peaks, but squashed FCC or hex-y slices, BCC slices from corners",FCC,1.7,6,3,8
crystal_size_3_AC_5_BC_1.0_real_lattice_FCC_kT_1.9_eps_-70_EE_6_chn_num_3_linker_8,chain_len,fluid,NA,71,gas,"NA
",none,"NA
",,FCC,1.9,6,3,8
crystal_size_3_AC_5_BC_1.0_real_lattice_BCC_kT_0.2_eps_-70_EE_6_chn_num_3_linker_8,chain_len,HEX,NA,136,HEX,honeycomb sublattice,coord num 8; FCC/SC peaks; looks HEX from a certain axis,almost pristine,none,BCC,0.2,6,3,8
crystal_size_3_AC_5_BC_1.0_real_lattice_BCC_kT_0.3_eps_-70_EE_6_chn_num_3_linker_8,chain_len,mixture,NA,136,mixture (SC + something else),"",coord num 6,wierd tails on almost pristine peaks,"",BCC,0.3,6,3,8
crystal_size_3_AC_5_BC_1.0_real_lattice_BCC_kT_0.4_eps_-70_EE_6_chn_num_3_linker_8,chain_len,mixture,NA,136,mixture (SC + something else),squares + zig-zag GB,coord num 6,wierd tails on almost pristine peaks,none,BCC,0.4,6,3,8
crystal_size_3_AC_5_BC_1.0_real_lattice_BCC_kT_0.5_eps_-70_EE_6_chn_num_3_linker_8,chain_len,mixture,NA,136,mixture (SC + something else),"","",overlapping pristine peaks,"",BCC,0.5,6,3,8
crystal_size_3_AC_5_BC_1.0_real_lattice_BCC_kT_0.6_eps_-70_EE_6_chn_num_3_linker_8,chain_len,mixture,NA,136,mixture (BCC + something else),"",two phases visible n_y direction,overlapping pristine peaks,"",BCC,0.6,6,3,8
crystal_size_3_AC_5_BC_1.0_real_lattice_BCC_kT_0.7_eps_-70_EE_6_chn_num_3_linker_8,chain_len,HCP,NA,136,HCP,interlocking circles and arrows,double coord num 6; looks like ACs are As in NiAs: http://wwwchem.uwimona.edu.jm/courses/nias.html,almost pristine,"solidifies around from frame 55. 
Peaks: 
10.45
11.25
13.45
14.95
19.15
20.65",BCC,0.7,6,3,8
crystal_size_3_AC_5_BC_1.0_real_lattice_A15_kT_0.35_eps_-70_EE_6_chn_num_3_linker_8,chain_len,fluid,high,121,"jammed, glass",very messy,coord num 7,two clear peaks and then liquid like,none,A15,0.35,6,3,8
crystal_size_3_AC_5_BC_1.0_real_lattice_A15_kT_0.75_eps_-70_EE_6_chn_num_3_linker_8,chain_len,fluid,high,102,"jammed, glass",very messy,coord num 7,two clear peaks and then liquid like,none,A15,0.75,6,3,8
crystal_size_3_AC_5_BC_1.0_real_lattice_A15_kT_1.35_eps_-70_EE_6_chn_num_3_linker_8,chain_len,fluid,NA,86,liquid like that is congealing ito a condensed structure,,,lquid,,A15,1.35,6,3,8
crystal_size_3_AC_5_BC_1.0_real_lattice_BCC_kT_0.65_eps_-70_EE_6_chn_num_3_linker_8,chain_len,mixture,NA,136,mixture; maybe jammed lattice,"broad honeycomb / broad totem poles
 | things",,clear peaks with extra hump things,none,BCC,0.65,6,3,8
crystal_size_3_AC_5_BC_1.0_real_lattice_BCC_kT_0.8_eps_-70_EE_6_chn_num_3_linker_8,chain_len,BCC,low,136,BCC,very neat crosses,num coord of first and second nearest neighbors 14,almost pristine,none,BCC,0.8,6,3,8
crystal_size_3_AC_5_BC_1.0_real_lattice_BCC_kT_0.9_eps_-70_EE_6_chn_num_3_linker_8,chain_len,BCC,low,136,BCC,very neat crosses,num coord of first and second nearest neighbors 14,almost pristine,none,BCC,0.9,6,3,8
crystal_size_3_AC_5_BC_1.0_real_lattice_BCC_kT_1.0_eps_-70_EE_6_chn_num_3_linker_8,chain_len,BCC,low,136,BCC,very neat crosses,num coord of first and second nearest neighbors 14,almost pristine,none,BCC,1,6,3,8
crystal_size_3_AC_5_BC_1.0_real_lattice_BCC_kT_1.1_eps_-70_EE_6_chn_num_3_linker_8,chain_len,BCC,low,136,BCC,very neat crosses,num coord of first and second nearest neighbors 14,almost pristine,none,BCC,1.1,6,3,8
crystal_size_3_AC_5_BC_1.0_real_lattice_BCC_kT_1.2_eps_-70_EE_6_chn_num_3_linker_8,chain_len,BCC,low,136,BCC,very neat crosses,num coord of first and second nearest neighbors 14,almost pristine,none,BCC,1.2,6,3,8
crystal_size_3_AC_5_BC_1.0_real_lattice_BCC_kT_1.4_eps_-70_EE_6_chn_num_3_linker_8,chain_len,BCC,NA,136,BCC,crosses,num coord of first and second nearest neighbors 14,almost pristine,none,BCC,1.4,6,3,8
crystal_size_3_AC_5_BC_1.0_real_lattice_BCC_kT_1.55_eps_-70_EE_6_chn_num_3_linker_8,chain_len,BCC,medium,136,BCC,messy crosses,num coord of first and second nearest neighbors 14,"broad peaks, almost pristine",none,BCC,1.55,6,3,8
crystal_size_3_AC_5_BC_1.0_real_lattice_BCC_kT_1.57_eps_-70_EE_6_chn_num_3_linker_8,chain_len,BCC,medium,136,BCC,messy crosses,num coord of first and second nearest neighbors 14,"broad peaks, almost pristine",none,BCC,1.57,6,3,8
crystal_size_3_AC_5_BC_1.0_real_lattice_BCC_kT_1.5_eps_-70_EE_6_chn_num_3_linker_8,chain_len,BCC,medium,136,BCC,messy crosses,num coord of first and second nearest neighbors 14,"broad peaks, almost pristine",simulation box shears and the BCC unit cells seem to spread out in the simulation box and oriented in the [111],BCC,1.5,6,3,8
crystal_size_3_AC_5_BC_1.0_real_lattice_BCC_kT_1.62_eps_-70_EE_6_chn_num_3_linker_8,chain_len,BCC,medium,136,BCC,messy crosses,num coord of first and second nearest neighbors 14,"broad peaks, almost pristine",none,BCC,1.62,6,3,8
crystal_size_3_AC_5_BC_1.0_real_lattice_BCC_kT_1.65_eps_-70_EE_6_chn_num_3_linker_8,chain_len,BCC,high,136,BCC,very messy crosses,num coord of first and second nearest neighbors 14,"broad peaks, almost pristine",none,BCC,1.65,6,3,8
crystal_size_3_AC_5_BC_1.0_real_lattice_BCC_kT_1.6_eps_-70_EE_6_chn_num_3_linker_8,chain_len,BCC,medium,136,BCC,messy crosses,num coord of first and second nearest neighbors 14,"broad peaks, almost pristine",none,BCC,1.6,6,3,8
crystal_size_3_AC_5_BC_1.0_real_lattice_BCT_kT_1.1_eps_-70_EE_6_chn_num_3_linker_8,chain_len,BCC,NA,136,BCC,crosses,num coord of first and second nearest neighbors 14,almost pristine,none,BCT,1.1,6,3,8
crystal_size_3_AC_5_BC_1.0_real_lattice_BCT_kT_1.3_eps_-70_EE_6_chn_num_3_linker_8,chain_len,BCC,NA,136,BCC,crosses,num coord of first and second nearest neighbors 14,"broad peaks, almost pristine",simulation box shears and the BCC unit cells seem to spread out in the simulation box and oriented in the [111]; visually looks like a BCT,BCT,1.3,6,3,8
crystal_size_3_AC_5_BC_1.0_real_lattice_BCT_kT_1.55_eps_-70_EE_6_chn_num_3_linker_8,chain_len,BCC,NA,136,BCC,crosses/interlocking circles,num coord of first and second nearest neighbors 14,broad-ish peaks,"really visually looks like a BCT, but peaks are BCC (17, 41, 17); triclinic box",BCT,1.55,6,3,8
crystal_size_3_AC_5_BC_1.0_real_lattice_BCT_kT_1.5_eps_-70_EE_6_chn_num_3_linker_8,chain_len,BCC,medium,136,BCC,messy crosses,double coord num 14,broad-ish peaks,"really visually looks like a BCT, but peaks are BCC (17, 41, 17); triclinic box",BCT,1.5,6,3,8
crystal_size_3_AC_5_BC_1.0_real_lattice_SC_kT_0.2_eps_-70_EE_6_chn_num_3_linker_8,chain_len,SC,NA,136,SC,squares,num coord 6,pristine,"sides with two points and others with more that later appear to have two points, there is a lack of small particles",SC,0.2,6,3,8
crystal_size_3_AC_5_BC_1.0_real_lattice_SC_kT_0.3_eps_-70_EE_6_chn_num_3_linker_8,chain_len,SC,NA,136,SC,squares,num coord 6,pristine,"sides with two points and others with more that later appear to have two points, there is a lack of small particles",SC,0.3,6,3,8
crystal_size_3_AC_5_BC_1.0_real_lattice_SC_kT_0.4_eps_-70_EE_6_chn_num_3_linker_8,chain_len,SC,NA,136,SC,squares,num coord 6,pristine,"sides with two points and others with more that later appear to have two points, there is a lack of small particles",SC,0.4,6,3,8
crystal_size_3_AC_5_BC_1.0_real_lattice_SC_kT_0.6_eps_-70_EE_6_chn_num_3_linker_8,chain_len,mixture,NA,136,mixture; maybe sort of jammed,arrows and something/honeycombs,,almost pristine  with werird bumps,tricilinc box,SC,0.6,6,3,8
crystal_size_3_AC_5_BC_1.0_real_lattice_BCC_kT_0.67_eps_-70_EE_6_chn_num_3_linker_8,chain_len,mixture,low,136,mixture of possibly two crystal structures,localized distributions,num coord of two neighbors 6,defined peaks with many shouldering peaks,"two grains boundaries, stabilizes at frame 18",BCC,0.67,6,3,8
crystal_size_3_AC_5_BC_1.0_real_lattice_BCC_kT_0.75_eps_-70_EE_6_chn_num_3_linker_8,chain_len,BCC,medium_low,136,BCC,neat crosses,num coord 8 or double coord 14,almost pristine,none,BCC,0.75,6,3,8
crystal_size_3_AC_5_BC_1.0_real_lattice_BCC_kT_0.77_eps_-70_EE_6_chn_num_3_linker_8,chain_len,BCC,medium_low,136,BCC,neat crosses,num coord 8 or double coord 14,almost pristine,none,BCC,0.77,6,3,8
crystal_size_3_AC_5_BC_1.0_real_lattice_BCC_kT_1.341_eps_-70_EE_6_chn_num_3_linker_8,chain_len,BCC,NA,136,BCC,crosses,double coord 14,almost pristine,none,BCC,1.341,6,3,8
crystal_size_3_AC_5_BC_1.0_real_lattice_BCC_kT_1.67_eps_-70_EE_6_chn_num_3_linker_8,chain_len,BCC,medium,136,BCC,messy crosses,double coord 14,broad peaks,none,BCC,1.67,6,3,8
crystal_size_3_AC_5_BC_1.0_real_lattice_BCC_kT_1.69_eps_-70_EE_6_chn_num_3_linker_8,chain_len,BCC,medium,136,BCC,messy crosses,double coord 14,broad peaks,box shears into triclinic box but seems to have a BCC crystal within it,BCC,1.69,6,3,8
crystal_size_3_AC_5_BC_1.0_real_lattice_BCC_kT_1.7_eps_-70_EE_6_chn_num_3_linker_8,chain_len,BCC,high,136,BCC,very messy crosses,double coord 14,broad peaks,none,BCC,1.7,6,3,8
crystal_size_3_AC_5_BC_1.0_real_lattice_BCC_kT_1.71_eps_-70_EE_6_chn_num_3_linker_8,chain_len,BCC,high,136,BCC,very messy crosses,double coord 14,broad peaks,none,BCC,1.71,6,3,8
crystal_size_3_AC_5_BC_1.0_real_lattice_BCC_kT_1.72_eps_-70_EE_6_chn_num_3_linker_8,chain_len,BCC,high,136,BCC,very messy crosses,double coord 14,broad peaks,none,BCC,1.72,6,3,8
crystal_size_3_AC_5_BC_1.0_real_lattice_BCC_kT_1.73_eps_-70_EE_6_chn_num_3_linker_8,chain_len,BCC,high,136,BCC,very messy crosses,double coord 14,broad peaks,none,BCC,1.73,6,3,8
crystal_size_3_AC_5_BC_1.0_real_lattice_BCC_kT_1.74_eps_-70_EE_6_chn_num_3_linker_8,chain_len,BCC,high,136,BCC,very messy crosses,double coord 14,broad peaks,none,BCC,1.74,6,3,8
crystal_size_3_AC_5_BC_1.0_real_lattice_BCC_kT_1.75_eps_-70_EE_6_chn_num_3_linker_8,chain_len,BCC,high,136,BCC,very messy crosses,double coord 14,broad peaks,none,BCC,1.75,6,3,8
crystal_size_3_AC_5_BC_1.0_real_lattice_BCC_kT_1.77_eps_-70_EE_6_chn_num_3_linker_8,chain_len,BCC,high,136,BCC,very messy crosses,double coord 14,broad peaks,none,BCC,1.77,6,3,8
crystal_size_3_AC_5_BC_1.0_real_lattice_BCC_kT_1.78_eps_-70_EE_6_chn_num_3_linker_8,chain_len,BCC,high,136,BCC,very messy crosses,double coord 14,"very broad peaks, deviates slightly from BCC",none,BCC,1.78,6,3,8
crystal_size_3_AC_5_BC_1.0_real_lattice_BCC_kT_1.79_eps_-70_EE_6_chn_num_3_linker_8,chain_len,BCC,high,136,BCC,very messy crosses; almost delocalized,double coord 14,very broad peaks,none,BCC,1.79,6,3,8
crystal_size_3_AC_5_BC_1.0_real_lattice_BCC_kT_1.8_eps_-70_EE_6_chn_num_3_linker_8,chain_len,BCC,high,136,BCC,very messy crosses and mobile delocalized sublattice,double coord 13.6,"very broad peaks, deviates slightly from BCC",messy region appears at frame 30,BCC,1.8,6,3,8
crystal_size_3_AC_5_BC_1.0_real_lattice_BCC_kT_1.81_eps_-70_EE_6_chn_num_3_linker_8,chain_len,BCC,high,136,BCC,very messy crosses and mobile delocalized sublattice,double coord 13.6,"very broad peaks, deviates slightly from BCC","messy region appears at frame 54, they seem to recede ",BCC,1.81,6,3,8
crystal_size_3_AC_5_BC_1.0_real_lattice_BCC_kT_1.82_eps_-70_EE_6_chn_num_3_linker_8,chain_len,NA,high,136,BCC crystal that eventually explodes,very messy crosses and mobile delocalized sublattice,double coord 13.6,"very broad peaks, deviates slightly from BCC","messy region appears at frame 125, they seem to recede ",BCC,1.82,6,3,8
crystal_size_3_AC_5_BC_1.0_real_lattice_BCC_kT_1.828_eps_-70_EE_6_chn_num_3_linker_8,chain_len,NA,NA,98,BCC crystal that eventually explodes,"","","very broad peaks, deviates slightly from BCC",BCC crystal that eventually explodes,BCC,1.828,6,3,8
crystal_size_3_AC_5_BC_1.0_real_lattice_BCC_kT_1.83_eps_-70_EE_6_chn_num_3_linker_8,chain_len,NA,NA,114,BCC crystal that eventually explodes,"","","very broad peaks, deviates slightly from BCC",BCC crystal that eventually explodes,BCC,1.83,6,3,8
crystal_size_3_AC_5_BC_1.0_real_lattice_BCC_kT_1.832_eps_-70_EE_6_chn_num_3_linker_8,chain_len,NA,NA,115,BCC crystal that takes off like a rocket,"","","very broad peaks, deviates slightly from BCC",BCC crystal that eventually takes off,BCC,1.832,6,3,8
crystal_size_3_AC_5_BC_1.0_real_lattice_BCC_kT_1.835_eps_-70_EE_6_chn_num_3_linker_8,chain_len,NA,NA,83,BCC crystal that takes off like a rocket,"","","very broad peaks, deviates slightly from BCC",BCC crystal that eventually takes off,BCC,1.835,6,3,8
crystal_size_3_AC_5_BC_1.0_real_lattice_BCC_kT_1.838_eps_-70_EE_6_chn_num_3_linker_8,chain_len,fluid,NA,136,liquid,,,,melts until frame 80,BCC,1.838,6,3,8
crystal_size_3_AC_5_BC_1.0_real_lattice_BCC_kT_1.84_eps_-70_EE_6_chn_num_3_linker_8,chain_len,fluid,NA,136,liquid/gas,,,,melts until frame 80,BCC,1.84,6,3,8
crystal_size_3_AC_5_BC_1.0_real_lattice_BCC_kT_1.85_eps_-70_EE_6_chn_num_3_linker_8,chain_len,fluid,NA,136,liquid/gas,,,,melts until frame 80,BCC,1.85,6,3,8
crystal_size_3_AC_5_BC_1.0_real_lattice_FCC_kT_1.0_eps_-70_EE_6_chn_num_3_linker_8,chain_len,BCC,NA,136,BCC,crosses,double coord 14,pristine,none,FCC,1,6,3,8
crystal_size_3_AC_5_BC_1.0_real_lattice_SC_kT_0.7_eps_-70_EE_6_chn_num_3_linker_8,chain_len,HCP,NA,136,HCP,wide honeycomb,"double coord 6;prob NiAs
peak:
10.45
11.25
13.35
15.05
19.15
20.65",almost pristine,none,SC,0.7,6,3,8
crystal_size_3_AC_5_BC_1.0_real_lattice_SC_kT_0.9_eps_-70_EE_6_chn_num_3_linker_8,chain_len,SC,NA,136,SC,squares,coord num 6,pristine,none,SC,0.9,6,3,8
crystal_size_3_AC_5_BC_1.0_real_lattice_SC_kT_1.0_eps_-70_EE_6_chn_num_3_linker_8,chain_len,SC,NA,136,SC,squares,coord num 6,pristine,none,SC,1,6,3,8
crystal_size_3_AC_5_BC_1.0_real_lattice_SC_kT_1.1_eps_-70_EE_6_chn_num_3_linker_8,chain_len,BCC,NA,136,BCC,"crosses, interlocking hexes",double coord num 14,pristine,tricilinic box,SC,1.1,6,3,8
crystal_size_3_AC_5_BC_1.0_real_lattice_SC_kT_1.15_eps_-70_EE_6_chn_num_3_linker_8,chain_len,BCC,NA,136,BCC,"crosses, interlocking hexes",double coord num 14,pristine,tricilinic box; stabilizes at frame 10,SC,1.15,6,3,8
crystal_size_3_AC_5_BC_1.0_real_lattice_SC_kT_1.2_eps_-70_EE_6_chn_num_3_linker_8,chain_len,BCC,NA,136,BCC,"crosses, interlocking hexes",double coord num 14,almost pristine,tricilinic box,SC,1.2,6,3,8
crystal_size_3_AC_5_BC_1.0_real_lattice_SC_kT_1.25_eps_-70_EE_6_chn_num_3_linker_8,chain_len,mixture,medium,136,"mixture (maybe just missing AC), mostly BCC",messy interlocking hexes,double coord num 14,broad peaks,first peak pretty diff from BCC,SC,1.25,6,3,8
crystal_size_3_AC_5_BC_1.0_real_lattice_SC_kT_1.3_eps_-70_EE_6_chn_num_3_linker_8,chain_len,BCC,medium,136,BCC,messy crosses,double coord num 14,almost pristine,triclinic box,SC,1.3,6,3,8
crystal_size_3_AC_5_BC_1.0_real_lattice_SC_kT_1.5_eps_-70_EE_6_chn_num_3_linker_8,chain_len,BCC,medium,136,BCC,messy crosses,double coord num 14,almost pristine,triclinic box,SC,1.5,6,3,8
crystal_size_3_AC_5_BC_1.0_real_lattice_SC_kT_1.7_eps_-70_EE_6_chn_num_3_linker_8,chain_len,BCC,high,136,BCC,very messy crosses,double coord num 14,broad peaks,none,SC,1.7,6,3,8
crystal_size_3_AC_5_BC_1.0_real_lattice_SC_kT_1.9_eps_-70_EE_6_chn_num_3_linker_8,chain_len,fluid,NA,136,gas,,,gas,,SC,1.9,6,3,8
crystal_size_3_AC_5_BC_1.0_real_lattice_SC_kT_1.9_eps_-70_EE_6_chn_num_3_linker_6,chain_len,fluid,NA,136,gas,,,gas,,SC,1.9,6,3,6
crystal_size_3_AC_5_BC_1.0_real_lattice_SC_kT_1.9_eps_-70_EE_6_chn_num_3_linker_10,chain_len,fluid,NA,136,liquid,,,liquid,,SC,1.9,6,3,10
crystal_size_3_AC_5_BC_1.0_real_lattice_SC_kT_1.7_eps_-70_EE_6_chn_num_3_linker_6,chain_len,fluid,NA,136,gas,,,gas,,SC,1.7,6,3,6
crystal_size_3_AC_5_BC_1.0_real_lattice_SC_kT_1.7_eps_-70_EE_6_chn_num_3_linker_10,chain_len,BCC,medium_low,136,BCC,neat crosses,double coord num 14,"BCC peaks, almost pristine",slanted simulation box,SC,1.7,6,3,10
crystal_size_3_AC_5_BC_1.0_real_lattice_SC_kT_1.5_eps_-70_EE_6_chn_num_3_linker_6,chain_len,BCC,medium,136,BCC,messy crosses,double coord num 14,"BCC peaks, broad peaks",slanted simulation box,SC,1.5,6,3,6
crystal_size_3_AC_5_BC_1.0_real_lattice_SC_kT_1.5_eps_-70_EE_6_chn_num_3_linker_10,chain_len,crack,high,136,BCC + crack,"region dependent, neat crosses and delocalized only at crack",double coord num 13.7,"BCC peaks, almost pristine",slanted simulation box,SC,1.5,6,3,10
crystal_size_3_AC_5_BC_1.0_real_lattice_SC_kT_1.3_eps_-70_EE_6_chn_num_3_linker_6,chain_len,BCC,medium,136,BCC,messy crosses,double coord num 14,"BCC peaks, almost pristine",slanted simulation box,SC,1.3,6,3,6
crystal_size_3_AC_5_BC_1.0_real_lattice_SC_kT_1.3_eps_-70_EE_6_chn_num_3_linker_10,chain_len,BCC,medium_low,136,BCC,neat crosses,double coord num 14,"BCC peaks, almost pristine",slanted simulation box,SC,1.3,6,3,10
crystal_size_3_AC_5_BC_1.0_real_lattice_SC_kT_1.1_eps_-70_EE_6_chn_num_3_linker_6,chain_len,BCC,medium_low,136,BCC,neat crosses,double coord num 14,"BCC peaks, almost pristine",slanted simulation box,SC,1.1,6,3,6
crystal_size_3_AC_5_BC_1.0_real_lattice_SC_kT_1.1_eps_-70_EE_6_chn_num_3_linker_10,chain_len,fluid,high,136,"jammed, structured fluid",traces of BCC and SC sublattices and delocalized phases,none,two visible peaks,none,SC,1.1,6,3,10
crystal_size_3_AC_5_BC_1.0_real_lattice_SC_kT_0.9_eps_-70_EE_6_chn_num_3_linker_6,chain_len,SC,medium_low,136,SC,neat squares,"coord num 6, overlapping of ACs","SC peaks, pristine",none,SC,0.9,6,3,6
crystal_size_3_AC_5_BC_1.0_real_lattice_SC_kT_0.9_eps_-70_EE_6_chn_num_3_linker_10,chain_len,SC,low,136,SC,very neat squares,"coord num 6, overlapping of ACs","SC peaks, pristine",none,SC,0.9,6,3,10
crystal_size_3_AC_5_BC_1.0_real_lattice_SC_kT_0.7_eps_-70_EE_6_chn_num_3_linker_6,chain_len,HEX,NA,136,HEX,"only on planes,  hexes","double coord num 8; 10.1, 10.9, 14.8, 19.02, 20.07",wierd peaks,"",SC,0.7,6,3,6
crystal_size_3_AC_5_BC_1.0_real_lattice_SC_kT_0.7_eps_-70_EE_6_chn_num_3_linker_10,chain_len,BCC,low,136,BCC,very neat crosses,coord num 8. double coord 14,"BCC peaks, pristine",slanted simulation box,SC,0.7,6,3,10
crystal_size_3_AC_5_BC_1.0_real_lattice_SC_kT_0.5_eps_-70_EE_6_chn_num_3_linker_6,chain_len,SC,medium_low,136,SC,neat squares,coord num 6,"SC peaks, pristine",slanted simulation box,SC,0.5,6,3,6
crystal_size_3_AC_5_BC_1.0_real_lattice_SC_kT_0.5_eps_-70_EE_6_chn_num_3_linker_10,chain_len,fluid,medium_low,136,"jammed, structured matter","neat sublattices, mixture of BCC and SC",triple coord num 16,visible peaks but becomes messy at r > 20,looks qualitatively like NiAs HCP structure?,SC,0.5,6,3,10
crystal_size_3_AC_5_BC_1.0_real_lattice_SC_kT_0.3_eps_-70_EE_6_chn_num_3_linker_6,chain_len,NA,NA,136,maybe HEX,"only on planes, hexes",coord num 8,"SC peaks, almost pristine",looks hexagonal but every layer is offsetted,SC,0.3,6,3,6
crystal_size_3_AC_5_BC_1.0_real_lattice_SC_kT_0.3_eps_-70_EE_6_chn_num_3_linker_10,chain_len,SC,low,136,SC,very neat squares,coord num 6,"SC peaks, pristine",none,SC,0.3,6,3,10
crystal_size_3_AC_5_BC_1.0_real_lattice_SC_kT_0.1_eps_-70_EE_6_chn_num_3_linker_6,chain_len,no ID,medium_low,136,lattice no ID,layered neat incomplete honeycomb,"double coord num 8; 10, 10.45, 14.5, 17.4, 20.1",visible peaks but becomes messy at r > 25,lots of overlapping between ACs,SC,0.1,6,3,6
crystal_size_3_AC_5_BC_1.0_real_lattice_SC_kT_0.1_eps_-70_EE_6_chn_num_3_linker_10,chain_len,no ID,low,136,"lattice, no ID",very neat sublattice,coord num 6,pristine,could be jammed,SC,0.1,6,3,10
crystal_size_3_AC_5_BC_1.0_real_lattice_FCC_kT_0.85_eps_-70_EE_6_chn_num_3_linker_6,chain_len,BCC,low,136,BCC,very neat crosses,double coord num 14,"BCC peaks, almost pristine",tilted BCC lattice,FCC,0.85,6,3,6
crystal_size_3_AC_5_BC_1.0_real_lattice_FCC_kT_0.85_eps_-70_EE_6_chn_num_3_linker_10,chain_len,BCC,low,136,BCC,very neat crosses,double coord num 14,"BCC peaks, almost pristine",tilted BCC lattice,FCC,0.85,6,3,10
crystal_size_3_AC_5_BC_1.0_real_lattice_FCC_kT_0.8_eps_-70_EE_6_chn_num_3_linker_6,chain_len,BCC,low,136,BCC,very neat crosses,double coord num 14,"BCC peaks, pristine",tilted BCC lattice,FCC,0.8,6,3,6
crystal_size_3_AC_5_BC_1.0_real_lattice_FCC_kT_0.8_eps_-70_EE_6_chn_num_3_linker_10,chain_len,BCC,low,136,BCC,very neat crosses,double coord num 14,"BCC peaks, pristine","tilted BCC lattice, perceptible small messy region of BCs propagate",FCC,0.8,6,3,10
crystal_size_3_AC_5_BC_1.0_real_lattice_FCC_kT_0.75_eps_-70_EE_6_chn_num_3_linker_6,chain_len,BCC,medium_low,136,BCC,neat crosses,double coord num 14,"BCC peaks, pristine",tilted BCC lattice,FCC,0.75,6,3,6
crystal_size_3_AC_5_BC_1.0_real_lattice_FCC_kT_0.75_eps_-70_EE_6_chn_num_3_linker_10,chain_len,BCC,low,136,BCC,very neat crosses,double coord num 14,"BCC peaks, almost pristine","tilted BCC lattice, perceptible small messy region of BCs propagate",FCC,0.75,6,3,10
crystal_size_3_AC_5_BC_1.0_real_lattice_FCC_kT_0.74_eps_-70_EE_6_chn_num_3_linker_10,chain_len,BCC,low,136,BCC,very neat crosses,double coord num 14,"BCC peaks, almost pristine","tilted BCC lattice, perceptible small messy region of BCs propagate while there is one that stays in place",FCC,0.74,6,3,10
crystal_size_3_AC_5_BC_1.0_real_lattice_FCC_kT_0.72_eps_-70_EE_6_chn_num_3_linker_10,chain_len,BCC,low,136,BCC,very neat crosses,double coord num 14,"BCC peaks, almost pristine","tilted BCC lattice, perceptible small messy region of BCs propagate while there is one that stays in place",FCC,0.72,6,3,10
crystal_size_3_AC_5_BC_1.0_real_lattice_FCC_kT_0.70_eps_-70_EE_6_chn_num_3_linker_10,chain_len,BCC,medium_low,136,BCC,neat crosses,double coord num 14,"BCC peaks, left shouldering peak on the first peak ","tilted BCC lattice, perceptible small messy region of BCs propagate while there is one that stays in place",FCC,0.7,6,3,10
crystal_size_3_AC_5_BC_1.0_real_lattice_FCC_kT_0.67_eps_-70_EE_6_chn_num_3_linker_10,chain_len,BCC,medium_low,136,BCC,neat crosses,double coord num 14,"BCC peaks, left shouldering peak on the first peak ","tilted BCC lattice, perceptible small messy region of BCs propagate while there is one that stays in place, partial dislocaction",FCC,0.67,6,3,10
crystal_size_3_AC_5_BC_1.0_real_lattice_FCC_kT_0.65_eps_-70_EE_6_chn_num_3_linker_10,chain_len,BCC,medium_low,136,BCC,neat crosses,double coord num 14,"BCC peaks, almost pristine","tilted BCC lattice, perceptible small messy region of BCs propagate while there is one that stays in place, partial dislocaction",FCC,0.65,6,3,10
crystal_size_3_AC_5_BC_1.0_real_lattice_FCC_kT_0.63_eps_-70_EE_6_chn_num_3_linker_10,chain_len,BCC,medium_low,136,BCC,neat crosses,double coord num 14,"BCC peaks, almost pristine","tilted BCC lattice, perceptible small messy region of BCs propagate while there is one that stays in place, partial dislocaction",FCC,0.63,6,3,10
crystal_size_3_AC_5_BC_1.0_real_lattice_FCC_kT_0.61_eps_-70_EE_6_chn_num_3_linker_10,chain_len,BCC,medium_low,136,BCC,neat crosses,double coord num 14,"BCC peaks, pristine","tilted BCC lattice, perceptible small messy region of BCs propagate while there is one that stays in place, partial dislocaction",FCC,0.61,6,3,10
crystal_size_3_AC_5_BC_1.0_real_lattice_FCC_kT_0.6_eps_-70_EE_6_chn_num_3_linker_6,chain_len,mixture,NA,136,"lattice no ID, mixture","layers, slabs","coord num 7.16, seems to be transitioning between SC and HEX","FCC peaks, pristine",transition lattice,FCC,0.6,6,3,6
crystal_size_3_AC_5_BC_1.0_real_lattice_FCC_kT_0.6_eps_-70_EE_6_chn_num_3_linker_10,chain_len,BCC,medium_low,136,BCC,neat crosses,double coord num 14,"BCC peaks, left shouldering peak on the first peak ","tilted BCC lattice, perceptible small messy region of BCs propagate while there is one that stays in place, partial dislocaction",FCC,0.6,6,3,10
crystal_size_3_AC_5_BC_1.0_real_lattice_BCC_kT_1.9_eps_-70_EE_6_chn_num_3_linker_6,chain_len,fluid,NA,136,gas,,,"gas
",,BCC,1.9,6,3,6
crystal_size_3_AC_5_BC_1.0_real_lattice_BCC_kT_1.9_eps_-70_EE_6_chn_num_3_linker_10,chain_len,crack,medium,136,BCC + crack,messy crosses + crack thing,double coordnumber 13.6,broad peaks,crack,BCC,1.9,6,3,10
crystal_size_3_AC_5_BC_1.0_real_lattice_BCC_kT_1.7_eps_-70_EE_6_chn_num_3_linker_6,chain_len,fluid,NA,136,gas,,,"gas
",,BCC,1.7,6,3,6
crystal_size_3_AC_5_BC_1.0_real_lattice_BCC_kT_1.7_eps_-70_EE_6_chn_num_3_linker_10,chain_len,BCC,medium,136,BCC,messy crosses,double coord num 14,"BCC peaks, broad peaks",none,BCC,1.7,6,3,10
crystal_size_3_AC_5_BC_1.0_real_lattice_BCC_kT_1.5_eps_-70_EE_6_chn_num_3_linker_6,chain_len,BCC,high,136,BCC,very messy crosses,double coord num 14,"BCC peaks, very broad peaks",none,BCC,1.5,6,3,6
crystal_size_3_AC_5_BC_1.0_real_lattice_BCC_kT_1.1_eps_-70_EE_6_chn_num_3_linker_10,chain_len,BCC,low,136,BCC,very neat crosses,double coord num 14,"BCC peaks, almost pristine",none,BCC,1.1,6,3,10
crystal_size_3_AC_5_BC_1.0_real_lattice_BCC_kT_0.9_eps_-70_EE_6_chn_num_3_linker_6,chain_len,BCC,NA,136,BCC,crosses,double coord num 14,"BCC peaks, pristine",none,BCC,0.9,6,3,6
crystal_size_3_AC_5_BC_1.0_real_lattice_BCC_kT_0.9_eps_-70_EE_6_chn_num_3_linker_10,chain_len,BCC,medium_low,136,BCC,neat crosses,double coord num 14,"BCC peaks, pristine ",perceptible small messy region of BCs propagate,BCC,0.9,6,3,10
crystal_size_3_AC_5_BC_1.0_real_lattice_BCC_kT_0.85_eps_-70_EE_6_chn_num_3_linker_6,chain_len,BCC,NA,136,BCC,crosses,double coord num 14,"BCC peaks, pristine",none,BCC,0.85,6,3,6
crystal_size_3_AC_5_BC_1.0_real_lattice_BCC_kT_0.85_eps_-70_EE_6_chn_num_3_linker_10,chain_len,BCC,medium_low,136,BCC,neat crosses,double coord num 14,"BCC peaks, pristine",perceptible small messy region of BCs propagate,BCC,0.85,6,3,10
crystal_size_3_AC_5_BC_1.0_real_lattice_BCC_kT_0.8_eps_-70_EE_6_chn_num_3_linker_6,chain_len,BCC,NA,136,BCC,crosses,double coord num 14,"BCC peaks, pristine",none,BCC,0.8,6,3,6
crystal_size_3_AC_5_BC_1.0_real_lattice_BCC_kT_0.8_eps_-70_EE_6_chn_num_3_linker_10,chain_len,BCC,medium_low,136,BCC,neat crosses,double coord num 14,"BCC peaks, pristine",perceptible small messy region of BCs propagate,BCC,0.8,6,3,10
crystal_size_3_AC_5_BC_1.0_real_lattice_BCC_kT_0.75_eps_-70_EE_6_chn_num_3_linker_6,chain_len,BCC,NA,136,BCC,crosses,double coord num 14,"BCC peaks, pristine",none,BCC,0.75,6,3,6
crystal_size_3_AC_5_BC_1.0_real_lattice_BCC_kT_0.75_eps_-70_EE_6_chn_num_3_linker_10,chain_len,BCC,medium_low,136,BCC,neat crosses,double coord num 14,"BCC peaks, pristine",perceptible small messy region of BCs propagate,BCC,0.75,6,3,10
crystal_size_3_AC_5_BC_1.0_real_lattice_BCC_kT_0.74_eps_-70_EE_6_chn_num_3_linker_10,chain_len,BCC,medium_low,136,BCC,neat crosses,double coord num 14,"BCC peaks, pristine",perceptible small messy region of BCs propagate,BCC,0.74,6,3,10
crystal_size_3_AC_5_BC_1.0_real_lattice_BCC_kT_0.73_eps_-70_EE_6_chn_num_3_linker_10,chain_len,BCC,medium_low,136,BCC,neat crosses,double coord num 14,"BCC peaks, pristine",perceptible small messy region of BCs propagate,BCC,0.73,6,3,10
crystal_size_3_AC_5_BC_1.0_real_lattice_BCC_kT_0.72_eps_-70_EE_6_chn_num_3_linker_10,chain_len,BCC,low,136,BCC,very neat crosses,double coord num 14,"BCC peaks, pristine","perceptible small messy region of BCs propagate, possibly more stationary",BCC,0.72,6,3,10
crystal_size_3_AC_5_BC_1.0_real_lattice_BCC_kT_0.71_eps_-70_EE_6_chn_num_3_linker_10,chain_len,BCC,low,136,BCC,very neat crosses,double coord num 14,"BCC peaks, pristine",perceptible small messy region of BCs propagate,BCC,0.71,6,3,10
crystal_size_3_AC_5_BC_1.0_real_lattice_BCC_kT_0.7_eps_-70_EE_6_chn_num_3_linker_6,chain_len,BCC,medium_low,136,BCC,neat crosses,double coord num 14,"BCC peaks, pristine",fewer perceptible small messy region of BCs propagate,BCC,0.7,6,3,6
crystal_size_3_AC_5_BC_1.0_real_lattice_BCC_kT_0.7_eps_-70_EE_6_chn_num_3_linker_10,chain_len,HCP,high,136,HCP,neat sublattice but delocaliztion regions,"double coord num 6; 10.5, 11.47, 13.68, 15.16, 19.3",crystalline peaks,non cubic sim box,BCC,0.7,6,3,10
crystal_size_3_AC_5_BC_1.0_real_lattice_BCC_kT_0.67_eps_-70_EE_6_chn_num_3_linker_10,chain_len,BCC,low,136,BCC,very neat crosses,double coord num 14,"BCC peaks, pristine","perceptible small messy region of BCs propagate, possibly more stationary",BCC,0.67,6,3,10
crystal_size_3_AC_5_BC_1.0_real_lattice_BCC_kT_0.65_eps_-70_EE_6_chn_num_3_linker_10,chain_len,BCC,low,136,BCC,very neat crosses,double coord num 14,"BCC peaks, pristine","perceptible small messy region of BCs propagate, possibly more stationary",BCC,0.65,6,3,10
crystal_size_3_AC_5_BC_1.0_real_lattice_BCC_kT_0.63_eps_-70_EE_6_chn_num_3_linker_10,chain_len,HCP,high,136,HCP,neat sublattice but delocaliztion regions,"double coord num 6; 10.53, 11.36, 13.62, 15.2 19.2",crystalline peaks,non cubic sim box,BCC,0.63,6,3,10
crystal_size_3_AC_5_BC_1.0_real_lattice_BCC_kT_0.61_eps_-70_EE_6_chn_num_3_linker_10,chain_len,BCC,low,136,BCC,very neat crosses,double coord num 14,"BCC peaks, pristine","perceptible small messy region of BCs propagate, possibly more stationary",BCC,0.61,6,3,10
crystal_size_3_AC_5_BC_1.0_real_lattice_BCC_kT_0.6_eps_-70_EE_6_chn_num_3_linker_6,chain_len,SC,medium_low,136,SC,neat squares,coord num 6,"SC peaks, pristine",slanted sim box,BCC,0.6,6,3,6
crystal_size_3_AC_5_BC_1.0_real_lattice_BCC_kT_0.6_eps_-70_EE_6_chn_num_3_linker_10,chain_len,mixture,medium_low,136,"mixture,maybe jammed","neat
","","clear peaks, messy at long range
",mixture,BCC,0.6,6,3,10
crystal_size_3_AC_5_BC_1.0_real_lattice_BCC_kT_0.5_eps_-70_EE_6_chn_num_3_linker_6,chain_len,SC,low,136,SC,very neat squares,coord num 6,"SC peaks, pristine",slanted sim box,BCC,0.5,6,3,6
crystal_size_3_AC_5_BC_1.0_real_lattice_BCC_kT_0.5_eps_-70_EE_6_chn_num_3_linker_10,chain_len,mixture,medium_low,136,"mixture, slabs of different lattices",neat sublattice,"coord num 6; 10.43, 11.4, 13.5, 15, 16",crystalline peaks,slanted sim box,BCC,0.5,6,3,10
crystal_size_3_AC_5_BC_1.0_real_lattice_BCC_kT_0.3_eps_-70_EE_6_chn_num_3_linker_6,chain_len,SC,low,136,SC,very neat squares,coord num 6,"SC peaks, pristine",slanted sim box,BCC,0.3,6,3,6
crystal_size_3_AC_5_BC_1.0_real_lattice_BCC_kT_0.3_eps_-70_EE_6_chn_num_3_linker_10,chain_len,SC,low,136,SC,very neat squares,coord num 6,"SC peaks, pristine",slanted sim box,BCC,0.3,6,3,10
crystal_size_3_AC_5_BC_1.0_real_lattice_BCC_kT_0.1_eps_-70_EE_6_chn_num_3_linker_6,chain_len,fluid,NA,136,"lattice no ID, possibly jammed ","almost squares, ordered sublattice",coord num 6,crystalline peaks,layered crystalline planes,BCC,0.1,6,3,6
crystal_size_3_AC_5_BC_1.0_real_lattice_BCC_kT_0.1_eps_-70_EE_6_chn_num_3_linker_10,chain_len,SC,medium_low,136,SC,neat squares,coord num 6,"SC peaks, pristine",slowly expands to form square sublattice,BCC,0.1,6,3,10
crystal_size_3_AC_5_BC_1.0_real_lattice_A15_kT_1.9_eps_-70_EE_6_chn_num_3_linker_10,chain_len,fluid,NA,66,liquid,,,,,A15,1.9,6,3,10
crystal_size_3_AC_5_BC_1.0_real_lattice_A15_kT_1.7_eps_-70_EE_6_chn_num_3_linker_10,chain_len,fluid,NA,88,glass,,,,,A15,1.7,6,3,10
crystal_size_3_AC_5_BC_1.0_real_lattice_A15_kT_1.5_eps_-70_EE_6_chn_num_3_linker_6,chain_len,fluid,NA,136,liquid,,,,,A15,1.5,6,3,6
crystal_size_3_AC_5_BC_1.0_real_lattice_A15_kT_1.3_eps_-70_EE_6_chn_num_3_linker_6,chain_len,BCC,NA,136,BCC,crosses,none,"BCC like peaks, very broad",congeals/nucleates into BCC at 121,A15,1.3,6,3,6
crystal_size_3_AC_5_BC_1.0_real_lattice_A15_kT_1.3_eps_-70_EE_6_chn_num_3_linker_10,chain_len,fluid,NA,136,glass,,,,,A15,1.3,6,3,10
crystal_size_3_AC_5_BC_1.0_real_lattice_A15_kT_1.1_eps_-70_EE_6_chn_num_3_linker_6,chain_len,fluid,NA,136,jammed/glass,,,,,A15,1.1,6,3,6
crystal_size_3_AC_5_BC_1.0_real_lattice_A15_kT_1.1_eps_-70_EE_6_chn_num_3_linker_10,chain_len,fluid,NA,93,jammed/glass,,,,,A15,1.1,6,3,10
crystal_size_3_AC_5_BC_1.0_real_lattice_A15_kT_0.9_eps_-70_EE_6_chn_num_3_linker_6,chain_len,fluid,NA,136,jammed/glass,,,,,A15,0.9,6,3,6
crystal_size_3_AC_5_BC_1.0_real_lattice_A15_kT_0.9_eps_-70_EE_6_chn_num_3_linker_10,chain_len,fluid,NA,92,jammed/glass,,,,,A15,0.9,6,3,10
crystal_size_3_AC_5_BC_1.0_real_lattice_A15_kT_0.7_eps_-70_EE_6_chn_num_3_linker_6,chain_len,fluid,NA,136,jammed/glass,,,,,A15,0.7,6,3,6
crystal_size_3_AC_5_BC_1.0_real_lattice_A15_kT_0.7_eps_-70_EE_6_chn_num_3_linker_10,chain_len,fluid,NA,102,jammed/glass,,,,,A15,0.7,6,3,10
crystal_size_3_AC_5_BC_1.0_real_lattice_A15_kT_0.5_eps_-70_EE_6_chn_num_3_linker_6,chain_len,fluid,NA,136,jammed/glass,,,,,A15,0.5,6,3,6
crystal_size_3_AC_5_BC_1.0_real_lattice_A15_kT_0.5_eps_-70_EE_6_chn_num_3_linker_10,chain_len,fluid,NA,121,jammed/glass,,,,,A15,0.5,6,3,10
crystal_size_3_AC_5_BC_1.0_real_lattice_A15_kT_0.3_eps_-70_EE_6_chn_num_3_linker_6,chain_len,fluid,NA,136,jammed/glass,,,,,A15,0.3,6,3,6
crystal_size_3_AC_5_BC_1.0_real_lattice_A15_kT_0.3_eps_-70_EE_6_chn_num_3_linker_10,chain_len,fluid,NA,136,jammed/glass,,,,,A15,0.3,6,3,10
crystal_size_3_AC_5_BC_1.0_real_lattice_A15_kT_0.1_eps_-70_EE_6_chn_num_3_linker_6,chain_len,fluid,NA,136,jammed/glass,,,,,A15,0.1,6,3,6
crystal_size_3_AC_5_BC_1.0_real_lattice_A15_kT_0.1_eps_-70_EE_6_chn_num_3_linker_10,chain_len,fluid,NA,136,jammed/glass,,,,,A15,0.1,6,3,10
crystal_size_3_AC_5_BC_1.0_real_lattice_SC_kT_1.6_eps_-70_EE_6_chn_num_3_linker_6,"",BCC,high,136,BCC,very messy crosses,lots of AC motion,BCC peaks on ave; very broad peaks,triclinic sim box,SC,1.6,6,3,6
crystal_size_3_AC_5_BC_1.0_real_lattice_SC_kT_1.6_eps_-70_EE_6_chn_num_3_linker_10,"",BCC,NA,136,BCC,crosses,double coord num 14,"BCC peaks, almost pristine",20 frames until it becomes crystalline,SC,1.6,6,3,10
crystal_size_3_AC_5_BC_1.0_real_lattice_SC_kT_1.4_eps_-70_EE_6_chn_num_3_linker_6,"",BCC,high,136,BCC,very messy crosses,double coord num 14,"BCC peaks, broad peaks",triclinic sim box,SC,1.4,6,3,6
crystal_size_3_AC_5_BC_1.0_real_lattice_SC_kT_1.4_eps_-70_EE_6_chn_num_3_linker_10,run for longer,BCC,NA,136,BCC,"",double coord num 13.6,BCC peaks on ave; broad peaks,"triclinic sim box, doesn't crystalize until frame 127",SC,1.4,6,3,10
crystal_size_3_AC_5_BC_1.0_real_lattice_SC_kT_1.2_eps_-70_EE_6_chn_num_3_linker_6,"",BCC,medium,136,BCC,vesy messy crosses,double coord num 14,"BCC peaks, broad peaks",triclinic sim box,SC,1.2,6,3,6
crystal_size_3_AC_5_BC_1.0_real_lattice_SC_kT_1.2_eps_-70_EE_6_chn_num_3_linker_10,"",BCC,medium_low,136,BCC,neat crosses,double coord num 14,"BCC peaks, almost pristine",triclinic sim box,SC,1.2,6,3,10
crystal_size_3_AC_5_BC_1.0_real_lattice_BCC_kT_2.5_eps_-70_EE_6_chn_num_3_linker_10,"",fluid,NA,136,gas,,,,,BCC,2.5,6,3,10
crystal_size_3_AC_5_BC_1.0_real_lattice_BCC_kT_2.0_eps_-70_EE_6_chn_num_3_linker_10,"",fluid,NA,136,gas with liquid droplets,,,,,BCC,2,6,3,10
crystal_size_3_AC_5_BC_1.0_real_lattice_BCC_kT_1.99_eps_-70_EE_6_chn_num_3_linker_10,"",fluid,NA,102,gas with liquid droplets,,,,,BCC,1.99,6,3,10
crystal_size_3_AC_5_BC_1.0_real_lattice_BCC_kT_1.97_eps_-70_EE_6_chn_num_3_linker_10,"",fluid,NA,136,liquid,,,,,BCC,1.97,6,3,10
crystal_size_3_AC_5_BC_1.0_real_lattice_BCC_kT_1.96_eps_-70_EE_6_chn_num_3_linker_10,"",fluid,NA,93,gas with liquid droplets,,,,,BCC,1.96,6,3,10
crystal_size_3_AC_5_BC_1.0_real_lattice_BCC_kT_1.95_eps_-70_EE_6_chn_num_3_linker_10,"",NA,high,136,"BCC, two planes of melted ACs","region dependent, crosses and delocalized",double coord num 13.4,"BCC peaks, broad peaks",maybe solid-liquid equilibrium,BCC,1.95,6,3,10
crystal_size_3_AC_5_BC_1.0_real_lattice_BCC_kT_1.9_eps_-70_EE_6_chn_num_3_linker_4,"",fluid,NA,136,gas,,,,,BCC,1.9,6,3,4
crystal_size_3_AC_5_BC_1.0_real_lattice_BCC_kT_1.7_eps_-70_EE_6_chn_num_3_linker_4,"",fluid,NA,136,gas,,,,,BCC,1.7,6,3,4
crystal_size_3_AC_5_BC_1.0_real_lattice_BCC_kT_1.6_eps_-70_EE_6_chn_num_3_linker_6,"",BCC,high,136,BCC,very messy crosses,double coord num 13.8,"BCC peaks, broad peaks",none,BCC,1.6,6,3,6
crystal_size_3_AC_5_BC_1.0_real_lattice_BCC_kT_1.6_eps_-70_EE_6_chn_num_3_linker_10,"",BCC,low,136,BCC,very neat crosses,double coord num 14,"BCC peaks, almost pristine",none,BCC,1.6,6,3,10
crystal_size_3_AC_5_BC_1.0_real_lattice_BCC_kT_1.4_eps_-70_EE_6_chn_num_3_linker_6,"",BCC,medium,136,BCC,messy crosses,double coord num 14,"BCC peaks, broad peaks",none,BCC,1.4,6,3,6
crystal_size_3_AC_5_BC_1.0_real_lattice_BCC_kT_1.4_eps_-70_EE_6_chn_num_3_linker_10,"",BCC,low,136,BCC,very neat crosses,double coord num 14,"BCC peaks, almost pristine",none,BCC,1.4,6,3,10
crystal_size_3_AC_5_BC_1.0_real_lattice_BCC_kT_1.2_eps_-70_EE_6_chn_num_3_linker_6,"",BCC,medium_low,136,BCC,(neat) crosses,double coord num 14,"BCC peaks, almost pristine",none,BCC,1.2,6,3,6
crystal_size_3_AC_5_BC_1.0_real_lattice_BCC_kT_1.2_eps_-70_EE_6_chn_num_3_linker_10,"",BCC,low,136,BCC,very neat crosses,double coord num 14,"BCC peaks, almost pristine",none,BCC,1.2,6,3,10
crystal_size_3_AC_5_BC_1.0_real_lattice_BCC_kT_1.1_eps_-70_EE_6_chn_num_3_linker_4,"",BCC,high,136,BCC,very messy crosses,double coord num 14,"BCC peaks, broad peaks",none,BCC,1.1,6,3,4
crystal_size_3_AC_5_BC_1.0_real_lattice_BCC_kT_0.9_eps_-70_EE_6_chn_num_3_linker_4,"",BCC,medium,136,BCC,messy crosses,double coord num 14,"BCC peaks, almost pristine",none,BCC,0.9,6,3,4
crystal_size_3_AC_5_BC_1.0_real_lattice_BCC_kT_0.7_eps_-70_EE_6_chn_num_3_linker_4,"",BCC,medium,136,BCC,messy crosses,double coord num 14,"BCC peaks, almost pristine",none,BCC,0.7,6,3,4
crystal_size_3_AC_5_BC_1.0_real_lattice_BCC_kT_0.5_eps_-70_EE_6_chn_num_3_linker_4,"",no ID,medium_low,136,"lattice, no ID",neat sublattice,"coord num 10, double coord num 14",crystalline peaks,"peaks: 10.95, 13.35, 17.35, 18.95, 21.85",BCC,0.5,6,3,4
crystal_size_3_AC_5_BC_1.0_real_lattice_BCC_kT_0.3_eps_-70_EE_6_chn_num_3_linker_4,"",HEX,low,136,HEX,very neat sublattice,"coord num 8, double coord num 18",FCC/SC peaks,hexagonal sublattice in the 111 direction,BCC,0.3,6,3,4
crystal_size_3_AC_5_BC_1.0_real_lattice_BCC_kT_0.1_eps_-70_EE_6_chn_num_3_linker_4,"",NA,NA,136,HEX/SC,jammed sublattice,coord num 6,"extraneous first peak, otherwise FCC/SC peaks",jammed but has crystalline peaks,BCC,0.1,6,3,4
crystal_size_3_AC_5_BC_1.0_real_lattice_BCC_kT_1.75_eps_-70_EE_6_chn_num_3_linker_10,"",BCC,medium_low,136,BCC,neat crosses,double coord num 14,"BCC peaks, almost pristine",traces of mobile delocalized region,BCC,1.75,6,3,10
crystal_size_3_AC_5_BC_1.0_real_lattice_BCC_kT_1.85_eps_-70_EE_6_chn_num_3_linker_10,run for longer,BCC,high,136,BCC,"crosses, delocalized region caused by point defect (AC off lattice point) ",double coord num 14,"BCC peaks, almost pristine","",BCC,1.85,6,3,10
crystal_size_3_AC_5_BC_1.0_real_lattice_BCC_kT_1.8_eps_-70_EE_6_chn_num_3_linker_10,"",BCC,NA,136,BCC,crosses,double coord num 14,"BCC peaks, almost pristine",,BCC,1.8,6,3,10
crystal_size_3_AC_5_BC_1.0_real_lattice_BCC_kT_2.2_eps_-70_EE_6_chn_num_3_linker_10,"",fluid,NA,136,gas,,,,expands from liquid to gas at frame 50,BCC,2.2,6,3,10
crystal_size_3_AC_5_BC_1.0_real_lattice_BCC_kT_2.1_eps_-70_EE_6_chn_num_3_linker_10,"",fluid,NA,136,gas,,,,expands from liquid to gas at frame 20-25,BCC,2.1,6,3,10
crystal_size_3_AC_5_BC_1.0_real_lattice_BCC_kT_2.05_eps_-70_EE_6_chn_num_3_linker_10,"",fluid,NA,136,gas with liquid droplets,,,,,BCC,2.05,6,3,10
crystal_size_3_AC_5_BC_1.0_real_lattice_BCC_kT_1.65_eps_-70_EE_6_chn_num_3_linker_6,"",fluid,NA,136,liquid,,,"two identifiable peaks, rest is not",,BCC,1.65,6,3,6
crystal_size_3_AC_5_BC_1.0_real_lattice_BCC_kT_1.28_eps_-70_EE_6_chn_num_3_linker_4,"",fluid,high,136,liquid,very messy crosses,double coord num 13.7,"BCC peaks, very borad peaks",none,BCC,1.28,6,3,4
crystal_size_3_AC_5_BC_1.0_real_lattice_BCC_kT_1.25_eps_-70_EE_6_chn_num_3_linker_4,"",BCC,high,136,BCC,very messy crosses,double coord num 13.9,"BCC peaks, very broad peaks",none,BCC,1.25,6,3,4
crystal_size_3_AC_5_BC_1.0_real_lattice_BCC_kT_1.23_eps_-70_EE_6_chn_num_3_linker_4,"",BCC,high,136,BCC,very messy crosses,double coord num 13.95,"BCC peaks, very broad peaks",none,BCC,1.23,6,3,4
crystal_size_3_AC_5_BC_1.0_real_lattice_BCC_kT_1.2_eps_-70_EE_6_chn_num_3_linker_4,"",BCC,high,136,BCC,very messy crosses,double coord num 14,"BCC peaks, very broad peaks",none,BCC,1.2,6,3,4
crystal_size_3_AC_5_BC_1.0_real_lattice_BCC_kT_1_eps_-70_EE_6_chn_num_3_linker_6,"",BCC,medium_low,136,BCC,neat crosses,double coord num 14,"BCC peaks, almost pristine",none,BCC,1,6,3,6
crystal_size_3_AC_5_BC_1.0_real_lattice_BCC_kT_1.0_eps_-70_EE_6_chn_num_3_linker_4,"",BCC,medium,136,BCC,messy crosses,double coord num 14,"BCC peaks, almost pristine",none,BCC,1,6,3,4
crystal_size_3_AC_5_BC_1.0_real_lattice_BCC_kT_1_eps_-70_EE_6_chn_num_3_linker_10,"",BCC,low,136,BCC,very neat crosses,double coord num 14,"BCC peaks, pristine peaks",traces of mobile delocalized region,BCC,1,6,3,10
crystal_size_3_AC_5_BC_1.0_real_lattice_BCC_kT_0.8_eps_-70_EE_6_chn_num_3_linker_4,"",BCC,NA,136,BCC,crosses,double coord num 14,"BCC peaks, almost pristine",none,BCC,0.8,6,3,4
crystal_size_3_AC_5_BC_1.0_real_lattice_BCC_kT_0.6_eps_-70_EE_6_chn_num_3_linker_4,"",no ID,NA,136,lattice no ID,"slanted cubes, layered sublattice","coord num 8, double coord num 20","SC/FCC peaks, pristine",cannot identify what crystal it is even though it has known peaks,BCC,0.6,6,3,4
